CCAA;numero_playas;ANIO;CONTINENTE_ORIGEN;PAIS_ORIGEN;numero_agencia_viajes;numero_hosteleria;otras_actividades_turisticas;Turistas;PERNOCTACIONES;gasto_total_exucrsionistas;gasto_total_no_transito;gasto_total_transito
Andalucía;426;2020;Europa;Suiza;5798;98988;84816;49603.00;497033.00;247853.18;36855865.74;5284644.31
Andalucía;426;2020;Europa;Rusia;5798;98988;84816;35044.00;269518.00;0.00;4573862.76;0.00
Andalucía;426;2020;Europa;Reino Unido;5798;98988;84816;756000.00;8101861.00;12916488.25;518770577.86;23518018.55
Andalucía;426;2020;Europa;Portugal;5798;98988;84816;203865.00;1676542.00;47711521.29;52344204.60;1893212.02
Andalucía;426;2020;Europa;Países Bajos;5798;98988;84816;455440.00;4982289.00;1423342.50;202656761.26;11903366.78
Andalucía;426;2020;Europa;Italia;5798;98988;84816;160448.00;1609891.00;119582.90;104846335.02;4094502.33
Andalucía;426;2020;Europa;Irlanda;5798;98988;84816;57323.00;625666.00;457183.46;95419431.15;1618148.69
Andalucía;426;2020;Europa;Francia;5798;98988;84816;586188.00;7039670.00;1048769.72;287707967.33;23228660.94
Andalucía;426;2020;Europa;Bélgica;5798;98988;84816;189986.00;1810790.00;301063.48;149222765.43;3316706.35
Andalucía;426;2020;Europa;Alemania;5798;98988;84816;417751.00;6819662.00;1028541.98;244923423.05;11036361.15
Aragón;0;2020;Europa;Suiza;508;15540;17434;3624.00;31442.00;5949.83;1809563.49;144330.08
Aragón;0;2020;Europa;Reino Unido;508;15540;17434;18156.00;185922.00;83879.50;12749442.19;1784741.59
Aragón;0;2020;Europa;Portugal;508;15540;17434;21041.00;199756.00;132842.65;4700443.49;3790275.28
Aragón;0;2020;Europa;Países Bajos;508;15540;17434;77934.00;858548.00;83879.50;1267252.71;0.00
Aragón;0;2020;Europa;Italia;508;15540;17434;36938.00;302265.00;0.00;7921817.45;732741.25
Aragón;0;2020;Europa;Irlanda;508;15540;17434;5188.00;39194.00;0.00;2274604.39;2480.04
Aragón;0;2020;Europa;Francia;508;15540;17434;194568.00;1477852.00;11458089.99;18544738.13;1940274.70
Aragón;0;2020;Europa;Bélgica;508;15540;17434;23744.00;227823.00;19727.72;1587419.94;0.00
Aragón;0;2020;Europa;Alemania;508;15540;17434;69773.00;935303.00;107418.00;6228333.97;0.00
Canarias;677;2020;Europa;Suiza;2542;33574;26364;58254.00;540864.00;3462767.72;66631125.85;1180862.81
Canarias;677;2020;Europa;Rusia;2542;33574;26364;30104.00;238971.00;0.00;21264085.15;0.00
Canarias;677;2020;Europa;Reino Unido;2542;33574;26364;1114271.00;8927233.00;18692263.64;1307707329.77;958143.04
Canarias;677;2020;Europa;Portugal;2542;33574;26364;10753.00;111759.00;0.00;3814621.92;0.00
Canarias;677;2020;Europa;Países Bajos;2542;33574;26364;206931.00;1881643.00;0.00;267939637.34;0.00
Canarias;677;2020;Europa;Italia;2542;33574;26364;170163.00;2140499.00;583956.28;155797751.54;149165.56
Canarias;677;2020;Europa;Irlanda;2542;33574;26364;85280.00;692893.00;0.00;158790909.48;1335198.40
Canarias;677;2020;Europa;Francia;2542;33574;26364;233405.00;2100646.00;661557.39;223495244.85;3889803.51
Canarias;677;2020;Europa;Bélgica;2542;33574;26364;189008.00;1558417.00;312667.15;213013771.60;1450199.85
Canarias;677;2020;Europa;Alemania;2542;33574;26364;830044.00;8674156.00;64109586.04;1067033645.85;7256038.35
Cantabria;81;2020;Europa;Suiza;288;8380;6480;1868.00;18142.00;0.00;3241811.44;27339.09
Cantabria;81;2020;Europa;Reino Unido;288;8380;6480;14446.00;134078.00;0.00;6953792.03;4169704.08
Cantabria;81;2020;Europa;Portugal;288;8380;6480;4989.00;46467.00;0.00;41808.45;167534.45
Cantabria;81;2020;Europa;Países Bajos;288;8380;6480;22696.00;267654.00;0.00;2471550.24;1637316.86
Cantabria;81;2020;Europa;Italia;288;8380;6480;8399.00;81926.00;0.00;4157596.15;0.00
Cantabria;81;2020;Europa;Irlanda;288;8380;6480;1727.00;14809.00;0.00;906580.65;210973.49
Cantabria;81;2020;Europa;Francia;288;8380;6480;50392.00;609740.00;0.00;22865944.87;0.00
Cantabria;81;2020;Europa;Bélgica;288;8380;6480;6177.00;63264.00;0.00;1945782.55;0.00
Cantabria;81;2020;Europa;Alemania;288;8380;6480;26016.00;371368.00;0.00;8973450.93;0.00
Castilla y León;0;2020;Europa;Suiza;1106;33670;22686;16413.00;86895.00;15537.19;2742719.41;3184352.34
Castilla y León;0;2020;Europa;Rusia;1106;33670;22686;1534.00;12923.00;0.00;1980552.60;0.00
Castilla y León;0;2020;Europa;Reino Unido;1106;33670;22686;38015.00;340404.00;0.00;10575057.08;4358840.80
Castilla y León;0;2020;Europa;Portugal;1106;33670;22686;337179.00;3277424.00;21917063.88;8662410.97;12442853.52
Castilla y León;0;2020;Europa;Países Bajos;1106;33670;22686;151270.00;1863792.00;0.00;3979847.06;161032.12
Castilla y León;0;2020;Europa;Italia;1106;33670;22686;64243.00;451308.00;0.00;12891442.60;27724.41
Castilla y León;0;2020;Europa;Irlanda;1106;33670;22686;14180.00;108205.00;0.00;231015.84;1483050.94
Castilla y León;0;2020;Europa;Francia;1106;33670;22686;275778.00;2511914.00;288532.44;31861601.88;30207149.11
Castilla y León;0;2020;Europa;Bélgica;1106;33670;22686;33003.00;246432.00;84647.91;1742493.03;2918618.48
Castilla y León;0;2020;Europa;Alemania;1106;33670;22686;163868.00;2079936.00;85709.70;8751981.54;2122485.95
Castilla-La Mancha;0;2020;Europa;Suiza;878;21430;15840;3710.00;35520.00;0.00;1283760.83;404503.09
Castilla-La Mancha;0;2020;Europa;Reino Unido;878;21430;15840;21767.00;258048.00;0.00;7469241.00;1363398.16
Castilla-La Mancha;0;2020;Europa;Portugal;878;21430;15840;23276.00;208429.00;0.00;743225.43;0.00
Castilla-La Mancha;0;2020;Europa;Países Bajos;878;21430;15840;113091.00;1391693.00;0.00;1186939.74;0.00
Castilla-La Mancha;0;2020;Europa;Italia;878;21430;15840;40424.00;336878.00;31433.93;3550718.37;70383.84
Castilla-La Mancha;0;2020;Europa;Irlanda;878;21430;15840;6400.00;53128.00;0.00;3035541.91;0.00
Castilla-La Mancha;0;2020;Europa;Francia;878;21430;15840;121820.00;1728822.00;291846.88;11386803.91;3232105.93
Castilla-La Mancha;0;2020;Europa;Bélgica;878;21430;15840;15165.00;158170.00;0.00;2567578.39;0.00
Castilla-La Mancha;0;2020;Europa;Alemania;878;21430;15840;69823.00;1161337.00;0.00;6828063.57;0.00
Cataluña;435;2020;Europa;Suiza;5574;89924;131266;90910.00;677216.00;1194940.17;33552894.16;3619262.31
Cataluña;435;2020;Europa;Rusia;5574;89924;131266;64307.00;423313.00;2347723.92;113687935.11;0.00
Cataluña;435;2020;Europa;Reino Unido;5574;89924;131266;352093.00;2954927.00;9402421.97;208525290.36;3764742.14
Cataluña;435;2020;Europa;Portugal;5574;89924;131266;102751.00;1047708.00;87322.78;18381593.68;4552063.23
Cataluña;435;2020;Europa;Países Bajos;5574;89924;131266;636953.00;7198661.00;530222.05;113249310.29;13289529.12
Cataluña;435;2020;Europa;Italia;5574;89924;131266;379543.00;2873785.00;3931958.57;113439657.87;3570568.09
Cataluña;435;2020;Europa;Irlanda;5574;89924;131266;64931.00;647396.00;889969.37;36827222.55;0.00
Cataluña;435;2020;Europa;Francia;5574;89924;131266;1910475.00;14814060.00;267260917.44;661570905.89;41326935.15
Cataluña;435;2020;Europa;Bélgica;5574;89924;131266;224968.00;2028674.00;1468481.26;72874143.62;2584453.52
Cataluña;435;2020;Europa;Alemania;5574;89924;131266;787815.00;9459068.00;2428537.62;195471896.93;5831568.10
Ceuta;14;2020;Europa;Bélgica;70;612;486;360.00;2460.00;0.00;21704.77;0.00
Comunidad de Madrid;0;2020;Europa;Suiza;5644;60566;105986;35422.00;266708.00;258912.30;31462838.06;1707277.25
Comunidad de Madrid;0;2020;Europa;Rusia;5644;60566;105986;15561.00;92706.00;0.00;23761558.73;793826.08
Comunidad de Madrid;0;2020;Europa;Reino Unido;5644;60566;105986;194115.00;1792857.00;566464.50;91769462.30;1833778.93
Comunidad de Madrid;0;2020;Europa;Portugal;5644;60566;105986;96809.00;760986.00;2660996.80;39270826.47;770756.42
Comunidad de Madrid;0;2020;Europa;Países Bajos;5644;60566;105986;334275.00;4363235.00;0.00;35881881.26;1971197.78
Comunidad de Madrid;0;2020;Europa;Italia;5644;60566;105986;142633.00;1219978.00;432179.59;103896333.93;504918.05
Comunidad de Madrid;0;2020;Europa;Irlanda;5644;60566;105986;22096.00;180424.00;0.00;16888732.03;382065.93
Comunidad de Madrid;0;2020;Europa;Francia;5644;60566;105986;496687.00;6167377.00;431248.66;106831976.64;8720965.78
Comunidad de Madrid;0;2020;Europa;Bélgica;5644;60566;105986;62628.00;534941.00;91705.79;31381382.44;1113502.68
Comunidad de Madrid;0;2020;Europa;Alemania;5644;60566;105986;222640.00;3375084.00;133640.23;64168533.66;3097643.39
Comunidad Foral de Navarra;0;2020;Europa;Suiza;254;6874;5938;1807.00;13550.00;0.00;172915.49;0.00
Comunidad Foral de Navarra;0;2020;Europa;Rusia;254;6874;5938;439.00;3175.00;0.00;1167894.50;0.00
Comunidad Foral de Navarra;0;2020;Europa;Reino Unido;254;6874;5938;8203.00;87053.00;0.00;2021332.29;506492.64
Comunidad Foral de Navarra;0;2020;Europa;Portugal;254;6874;5938;19793.00;269384.00;0.00;1550738.70;0.00
Comunidad Foral de Navarra;0;2020;Europa;Países Bajos;254;6874;5938;31422.00;410931.00;0.00;1922390.53;2304.93
Comunidad Foral de Navarra;0;2020;Europa;Italia;254;6874;5938;35271.00;254300.00;0.00;1300738.79;0.00
Comunidad Foral de Navarra;0;2020;Europa;Irlanda;254;6874;5938;4633.00;52015.00;0.00;1470559.97;0.00
Comunidad Foral de Navarra;0;2020;Europa;Francia;254;6874;5938;203986.00;1526754.00;118958625.11;29104531.62;4268348.97
Comunidad Foral de Navarra;0;2020;Europa;Bélgica;254;6874;5938;16723.00;151596.00;111898.40;827340.41;0.00
Comunidad Foral de Navarra;0;2020;Europa;Alemania;254;6874;5938;63216.00;889956.00;337719.70;3635946.42;0.00
Comunidad Valenciana;343;2020;Europa;Suiza;2502;63180;66922;52522.00;554033.00;5999.81;53427383.18;2345314.97
Comunidad Valenciana;343;2020;Europa;Rusia;2502;63180;66922;45671.00;414627.00;0.00;6214574.05;0.00
Comunidad Valenciana;343;2020;Europa;Reino Unido;2502;63180;66922;542159.00;6054859.00;127865.81;535188077.94;2197183.85
Comunidad Valenciana;343;2020;Europa;Portugal;2502;63180;66922;27171.00;257600.00;156420.66;7364702.98;3352323.00
Comunidad Valenciana;343;2020;Europa;Países Bajos;2502;63180;66922;360415.00;4048235.00;17219.83;188386698.21;4487185.72
Comunidad Valenciana;343;2020;Europa;Italia;2502;63180;66922;146088.00;1311229.00;115939.22;99143746.31;819226.27
Comunidad Valenciana;343;2020;Europa;Irlanda;2502;63180;66922;35468.00;359034.00;0.00;23822882.16;505451.85
Comunidad Valenciana;343;2020;Europa;Francia;2502;63180;66922;592665.00;7403273.00;4720466.97;479297299.67;21608726.69
Comunidad Valenciana;343;2020;Europa;Bélgica;2502;63180;66922;255349.00;2672961.00;8956.43;193611788.11;3255261.98
Comunidad Valenciana;343;2020;Europa;Alemania;2502;63180;66922;361771.00;5746999.00;9741.45;165245087.76;3764300.78
Extremadura;0;2020;Europa;Suiza;436;13024;8544;2468.00;20953.00;0.00;507835.55;0.00
Extremadura;0;2020;Europa;Reino Unido;436;13024;8544;12670.00;125029.00;0.00;2338029.47;3830533.65
Extremadura;0;2020;Europa;Portugal;436;13024;8544;217942.00;2344978.00;41657205.16;19199485.14;2335138.79
Extremadura;0;2020;Europa;Países Bajos;436;13024;8544;42843.00;524566.00;2279.79;2530408.32;110649.92
Extremadura;0;2020;Europa;Italia;436;13024;8544;14421.00;132062.00;0.00;1068009.72;0.00
Extremadura;0;2020;Europa;Irlanda;436;13024;8544;3289.00;36369.00;0.00;455646.56;0.00
Extremadura;0;2020;Europa;Francia;436;13024;8544;57132.00;785708.00;17042.59;8066405.45;2085852.24
Extremadura;0;2020;Europa;Bélgica;436;13024;8544;8268.00;77314.00;0.00;751243.65;0.00
Extremadura;0;2020;Europa;Alemania;436;13024;8544;41587.00;687617.00;0.00;3674585.16;0.00
Galicia;872;2020;Europa;Suiza;1114;37294;28480;32297.00;319281.00;89310.29;32444409.90;1466838.41
Galicia;872;2020;Europa;Rusia;1114;37294;28480;2745.00;16185.00;0.00;4059584.14;0.00
Galicia;872;2020;Europa;Reino Unido;1114;37294;28480;41805.00;453468.00;7790836.23;20289669.92;412475.74
Galicia;872;2020;Europa;Portugal;1114;37294;28480;406711.00;3767748.00;59382493.79;39011267.41;7368111.26
Galicia;872;2020;Europa;Países Bajos;1114;37294;28480;89779.00;1248173.00;0.00;3583886.57;4119803.32
Galicia;872;2020;Europa;Italia;1114;37294;28480;27010.00;310488.00;0.00;9073985.16;570971.79
Galicia;872;2020;Europa;Irlanda;1114;37294;28480;4335.00;44144.00;0.00;308545.88;30670.12
Galicia;872;2020;Europa;Francia;1114;37294;28480;217968.00;2530349.00;1877970.85;47756696.30;15815391.11
Galicia;872;2020;Europa;Bélgica;1114;37294;28480;29505.00;412043.00;16964.04;11405821.76;0.00
Galicia;872;2020;Europa;Alemania;1114;37294;28480;89354.00;1670580.00;580699.76;18033924.57;2838551.72
Islas Baleares;345;2020;Europa;Suiza;1066;21358;21600;60603.00;528133.00;35263.63;71429255.38;0.00
Islas Baleares;345;2020;Europa;Rusia;1066;21358;21600;4581.00;33930.00;70502.72;5547311.75;0.00
Islas Baleares;345;2020;Europa;Reino Unido;1066;21358;21600;214711.00;2213478.00;31052.50;235059330.75;346958.17
Islas Baleares;345;2020;Europa;Portugal;1066;21358;21600;11454.00;93953.00;127572.93;997304.32;0.00
Islas Baleares;345;2020;Europa;Países Bajos;1066;21358;21600;117950.00;1136298.00;178883.54;113488995.35;79161.37
Islas Baleares;345;2020;Europa;Italia;1066;21358;21600;125493.00;1160147.00;1899367.10;109208830.84;0.00
Islas Baleares;345;2020;Europa;Irlanda;1066;21358;21600;5056.00;50219.00;0.00;14815893.60;0.00
Islas Baleares;345;2020;Europa;Francia;1066;21358;21600;245270.00;2447768.00;1934328.22;182672613.98;794017.42
Islas Baleares;345;2020;Europa;Bélgica;1066;21358;21600;47627.00;382983.00;252268.76;49747065.25;0.00
Islas Baleares;345;2020;Europa;Alemania;1066;21358;21600;701423.00;6561946.00;2416963.73;723200512.59;349341.26
La Rioja;0;2020;Europa;Suiza;132;3938;5126;612.00;5398.00;0.00;1926078.98;0.00
La Rioja;0;2020;Europa;Rusia;132;3938;5126;105.00;713.00;0.00;365909.72;0.00
La Rioja;0;2020;Europa;Reino Unido;132;3938;5126;3466.00;38563.00;0.00;373640.17;83543.03
La Rioja;0;2020;Europa;Portugal;132;3938;5126;4007.00;41000.00;0.00;4312.48;272082.94
La Rioja;0;2020;Europa;Países Bajos;132;3938;5126;17399.00;222872.00;0.00;195318.45;0.00
La Rioja;0;2020;Europa;Italia;132;3938;5126;4548.00;35754.00;0.00;173740.20;0.00
La Rioja;0;2020;Europa;Irlanda;132;3938;5126;1198.00;7186.00;0.00;347521.88;0.00
La Rioja;0;2020;Europa;Francia;132;3938;5126;21850.00;286726.00;0.00;10415818.72;2567405.23
La Rioja;0;2020;Europa;Bélgica;132;3938;5126;3220.00;21692.00;0.00;33086.14;57812.19
La Rioja;0;2020;Europa;Alemania;132;3938;5126;12412.00;200904.00;0.00;1597252.40;0.00
Melilla;8;2020;Europa;Reino Unido;48;628;500;416.00;4466.00;0.00;15073.31;0.00
Melilla;8;2020;Europa;Italia;48;628;500;382.00;7121.00;0.00;47024.13;0.00
Melilla;8;2020;Europa;Bélgica;48;628;500;599.00;4797.00;0.00;604869.09;0.00
Melilla;8;2020;Europa;Alemania;48;628;500;2278.00;33821.00;0.00;58257.33;0.00
País Vasco;66;2020;Europa;Suiza;916;26204;12450;20608.00;76499.00;370313.59;2872449.81;361811.23
País Vasco;66;2020;Europa;Rusia;916;26204;12450;2815.00;15652.00;0.00;7281370.35;0.00
País Vasco;66;2020;Europa;Reino Unido;916;26204;12450;39563.00;311011.00;1335675.24;18912789.47;4050937.26
País Vasco;66;2020;Europa;Portugal;916;26204;12450;141509.00;1626805.00;618588.45;2922631.46;4662194.35
País Vasco;66;2020;Europa;Países Bajos;916;26204;12450;100517.00;1100212.00;66654.68;14650824.14;228328.78
País Vasco;66;2020;Europa;Italia;916;26204;12450;62237.00;477068.00;0.00;4674414.16;4387968.76
País Vasco;66;2020;Europa;Irlanda;916;26204;12450;15223.00;182332.00;0.00;2434728.42;64910.53
País Vasco;66;2020;Europa;Francia;916;26204;12450;512192.00;3357251.00;348197268.43;61529347.36;22147381.60
País Vasco;66;2020;Europa;Bélgica;916;26204;12450;38229.00;252907.00;349853.62;7322585.54;459478.43
País Vasco;66;2020;Europa;Alemania;916;26204;12450;236170.00;3570065.00;247826.51;31442786.73;4257109.82
Principado de Asturias;208;2020;Europa;Suiza;456;15508;11652;3443.00;36029.00;0.00;649692.63;0.00
Principado de Asturias;208;2020;Europa;Rusia;456;15508;11652;1162.00;8121.00;0.00;911211.22;0.00
Principado de Asturias;208;2020;Europa;Reino Unido;456;15508;11652;14515.00;164820.00;0.00;6927778.55;206714.51
Principado de Asturias;208;2020;Europa;Portugal;456;15508;11652;11557.00;91656.00;1229857.56;510012.02;0.00
Principado de Asturias;208;2020;Europa;Países Bajos;456;15508;11652;41943.00;551884.00;0.00;4059549.06;4031627.30
Principado de Asturias;208;2020;Europa;Italia;456;15508;11652;8958.00;105922.00;0.00;1986284.46;0.00
Principado de Asturias;208;2020;Europa;Irlanda;456;15508;11652;1290.00;11598.00;0.00;192162.96;0.00
Principado de Asturias;208;2020;Europa;Francia;456;15508;11652;54478.00;690522.00;0.00;9353040.75;2668346.78
Principado de Asturias;208;2020;Europa;Bélgica;456;15508;11652;9380.00;103097.00;0.00;2334807.64;0.00
Principado de Asturias;208;2020;Europa;Alemania;456;15508;11652;28839.00;534885.00;0.00;11045948.57;294347.88
Región de Murcia;206;2020;Europa;Suiza;494;14566;13974;4802.00;55613.00;392417.17;10994831.92;619237.21
Región de Murcia;206;2020;Europa;Rusia;494;14566;13974;1794.00;13494.00;0.00;10078947.84;0.00
Región de Murcia;206;2020;Europa;Reino Unido;494;14566;13974;100791.00;1315952.00;0.00;84090632.45;473599.20
Región de Murcia;206;2020;Europa;Portugal;494;14566;13974;9682.00;140457.00;0.00;2780201.42;0.00
Región de Murcia;206;2020;Europa;Países Bajos;494;14566;13974;82574.00;1009188.00;0.00;21067330.39;832316.20
Región de Murcia;206;2020;Europa;Italia;494;14566;13974;28863.00;317805.00;0.00;9980313.34;0.00
Región de Murcia;206;2020;Europa;Irlanda;494;14566;13974;7571.00;100711.00;0.00;5495990.53;0.00
Región de Murcia;206;2020;Europa;Francia;494;14566;13974;97038.00;1346643.00;0.00;44215166.70;1066383.21
Región de Murcia;206;2020;Europa;Bélgica;494;14566;13974;27322.00;312101.00;0.00;15119611.21;0.00
Región de Murcia;206;2020;Europa;Alemania;494;14566;13974;74074.00;1591806.00;0.00;20136532.51;0.00
Andalucía;426;2021;Europa;Suiza;5218;96398;85306;102205.00;796322.00;11187483.48;87186641.45;4051777.45
Andalucía;426;2021;Europa;Rusia;5218;96398;85306;30951.00;214252.00;0.00;6588805.19;0.00
Andalucía;426;2021;Europa;Reino Unido;5218;96398;85306;822844.00;7316854.00;10794533.00;729954091.50;9463671.08
Andalucía;426;2021;Europa;Portugal;5218;96398;85306;287116.00;1764592.00;79724794.09;115331118.28;1368794.19
Andalucía;426;2021;Europa;Países Bajos;5218;96398;85306;484640.00;4355841.00;1786848.94;397540971.89;16857502.32
Andalucía;426;2021;Europa;Italia;5218;96398;85306;178410.00;1432251.00;2078077.24;173175209.62;1204124.23
Andalucía;426;2021;Europa;Irlanda;5218;96398;85306;97212.00;889937.00;418323.04;166275185.77;80920.29
Andalucía;426;2021;Europa;Francia;5218;96398;85306;811798.00;7920436.00;1848248.01;499938835.09;21433851.91
Andalucía;426;2021;Europa;Bélgica;5218;96398;85306;285359.00;2425286.00;478510.89;297477527.24;10417902.22
Andalucía;426;2021;Europa;Alemania;5218;96398;85306;464139.00;4784857.00;7412809.90;449550888.15;14462441.31
Aragón;0;2021;Europa;Suiza;470;14726;17252;6586.00;46310.00;66829.95;5376801.38;59627.94
Aragón;0;2021;Europa;Rusia;470;14726;17252;931.00;5160.00;0.00;2813739.55;0.00
Aragón;0;2021;Europa;Reino Unido;470;14726;17252;18539.00;169285.00;314482.98;6975886.56;1365241.28
Aragón;0;2021;Europa;Portugal;470;14726;17252;26520.00;215719.00;46419.72;2782879.92;630080.66
Aragón;0;2021;Europa;Países Bajos;470;14726;17252;83207.00;710888.00;235881.31;11927611.82;109324.94
Aragón;0;2021;Europa;Italia;470;14726;17252;47234.00;292452.00;0.00;11915425.70;717346.43
Aragón;0;2021;Europa;Irlanda;470;14726;17252;6476.00;44696.00;65428.92;454961.48;0.00
Aragón;0;2021;Europa;Francia;470;14726;17252;232792.00;1596072.00;9120152.79;30383636.48;1249371.24
Aragón;0;2021;Europa;Bélgica;470;14726;17252;36602.00;277077.00;550280.52;6345118.68;2018344.39
Aragón;0;2021;Europa;Alemania;470;14726;17252;67146.00;589514.00;244385.54;8784022.33;605175.87
Canarias;677;2021;Europa;Suiza;2224;32204;25656;102470.00;807806.00;0.00;126342907.30;836466.81
Canarias;677;2021;Europa;Rusia;2224;32204;25656;11915.00;81191.00;0.00;4729805.83;0.00
Canarias;677;2021;Europa;Reino Unido;2224;32204;25656;1336015.00;10353989.00;6898060.36;1502647773.82;2543822.89
Canarias;677;2021;Europa;Portugal;2224;32204;25656;18175.00;136272.00;0.00;26534929.19;0.00
Canarias;677;2021;Europa;Países Bajos;2224;32204;25656;234443.00;1886875.00;543444.27;472228424.16;95581.17
Canarias;677;2021;Europa;Italia;2224;32204;25656;221781.00;1944367.00;2314622.46;354362140.45;0.00
Canarias;677;2021;Europa;Irlanda;2224;32204;25656;95018.00;796494.00;973764.61;274959745.74;0.00
Canarias;677;2021;Europa;Francia;2224;32204;25656;394735.00;3321821.00;5827732.78;504416017.15;0.00
Canarias;677;2021;Europa;Bélgica;2224;32204;25656;219048.00;1752952.00;0.00;377812174.26;0.00
Canarias;677;2021;Europa;Alemania;2224;32204;25656;901552.00;8254847.00;36106884.33;1786945946.85;1403118.54
Cantabria;81;2021;Europa;Suiza;266;8150;6448;4202.00;33952.00;0.00;1767673.28;482134.55
Cantabria;81;2021;Europa;Rusia;266;8150;6448;1353.00;7798.00;0.00;1330682.52;0.00
Cantabria;81;2021;Europa;Reino Unido;266;8150;6448;15698.00;125763.00;0.00;11723998.55;3602847.44
Cantabria;81;2021;Europa;Portugal;266;8150;6448;7491.00;56983.00;1896611.87;2436211.58;162437.45
Cantabria;81;2021;Europa;Países Bajos;266;8150;6448;28422.00;245696.00;0.00;13044214.20;674174.41
Cantabria;81;2021;Europa;Italia;266;8150;6448;10536.00;81295.00;7842.70;7028035.67;0.00
Cantabria;81;2021;Europa;Irlanda;266;8150;6448;2257.00;16242.00;0.00;1703869.92;89451.96
Cantabria;81;2021;Europa;Francia;266;8150;6448;62002.00;599106.00;0.00;35920748.71;2315281.61
Cantabria;81;2021;Europa;Bélgica;266;8150;6448;10497.00;78411.00;0.00;5163856.31;127491.03
Cantabria;81;2021;Europa;Alemania;266;8150;6448;27810.00;254794.00;469497.49;28294216.85;0.00
Castilla y León;0;2021;Europa;Suiza;1044;31846;22762;26529.00;111057.00;16968.09;4479878.91;2022927.95
Castilla y León;0;2021;Europa;Rusia;1044;31846;22762;1275.00;9106.00;0.00;1604815.72;96352.43
Castilla y León;0;2021;Europa;Reino Unido;1044;31846;22762;33110.00;257900.00;0.00;11258772.76;6650672.76
Castilla y León;0;2021;Europa;Portugal;1044;31846;22762;340402.00;2678202.00;14839347.36;10266902.90;15559160.01
Castilla y León;0;2021;Europa;Países Bajos;1044;31846;22762;161235.00;1489656.00;0.00;5956940.50;2111202.50
Castilla y León;0;2021;Europa;Italia;1044;31846;22762;75622.00;423841.00;0.00;8273511.00;44320.26
Castilla y León;0;2021;Europa;Irlanda;1044;31846;22762;16140.00;117620.00;0.00;2009433.02;553727.59
Castilla y León;0;2021;Europa;Francia;1044;31846;22762;375615.00;2526898.00;644228.23;31988286.71;36476697.12
Castilla y León;0;2021;Europa;Bélgica;1044;31846;22762;48684.00;276760.00;32607.84;6240644.35;4194739.85
Castilla y León;0;2021;Europa;Alemania;1044;31846;22762;163027.00;1324934.00;0.00;7045682.87;2547291.43
Castilla-La Mancha;0;2021;Europa;Suiza;818;20752;15752;5754.00;39144.00;0.00;2261282.91;0.00
Castilla-La Mancha;0;2021;Europa;Reino Unido;818;20752;15752;19258.00;175094.00;0.00;8012646.46;0.00
Castilla-La Mancha;0;2021;Europa;Portugal;818;20752;15752;33787.00;277462.00;616706.37;1437449.67;13791.17
Castilla-La Mancha;0;2021;Europa;Países Bajos;818;20752;15752;125727.00;1128025.00;0.00;3324180.37;0.00
Castilla-La Mancha;0;2021;Europa;Italia;818;20752;15752;45331.00;294017.00;0.00;3700645.73;226380.46
Castilla-La Mancha;0;2021;Europa;Irlanda;818;20752;15752;7590.00;51293.00;0.00;918104.88;0.00
Castilla-La Mancha;0;2021;Europa;Francia;818;20752;15752;146599.00;1521556.00;0.00;27810345.21;235857.69
Castilla-La Mancha;0;2021;Europa;Bélgica;818;20752;15752;21131.00;171236.00;0.00;3509052.84;0.00
Castilla-La Mancha;0;2021;Europa;Alemania;818;20752;15752;62866.00;610755.00;0.00;3491700.17;76409.23
Cataluña;435;2021;Europa;Suiza;4930;88194;130966;175013.00;1104412.00;874798.33;139072689.87;2912522.31
Cataluña;435;2021;Europa;Rusia;4930;88194;130966;43837.00;299163.00;390884.49;86072098.51;300404.35
Cataluña;435;2021;Europa;Reino Unido;4930;88194;130966;332425.00;2621053.00;12407275.66;247031019.48;4321949.78
Cataluña;435;2021;Europa;Portugal;4930;88194;130966;125656.00;1002136.00;34881894.20;40715799.72;15565314.34
Cataluña;435;2021;Europa;Países Bajos;4930;88194;130966;676667.00;5879273.00;13357004.60;361296484.66;3980423.88
Cataluña;435;2021;Europa;Italia;4930;88194;130966;493668.00;2854701.00;9236859.70;281928210.06;8031685.87
Cataluña;435;2021;Europa;Irlanda;4930;88194;130966;85091.00;606685.00;4724403.91;123080653.14;879201.55
Cataluña;435;2021;Europa;Francia;4930;88194;130966;2538799.00;17061688.00;404172543.16;1192159209.25;29073673.95
Cataluña;435;2021;Europa;Bélgica;4930;88194;130966;392376.00;2779263.00;6986695.72;189315313.03;7200698.27
Cataluña;435;2021;Europa;Alemania;4930;88194;130966;878210.00;7218787.00;41730617.78;429442459.43;11205459.70
Ceuta;14;2021;Europa;Reino Unido;70;576;492;3618.00;16118.00;0.00;359001.98;0.00
Ceuta;14;2021;Europa;Francia;70;576;492;3443.00;28057.00;0.00;94146.27;0.00
Comunidad de Madrid;0;2021;Europa;Suiza;5002;58904;106406;56471.00;323030.00;0.00;23831700.45;1129714.00
Comunidad de Madrid;0;2021;Europa;Rusia;5002;58904;106406;8511.00;51782.00;0.00;49417551.80;5793519.61
Comunidad de Madrid;0;2021;Europa;Reino Unido;5002;58904;106406;160811.00;1394724.00;119760.14;113492462.79;4298361.41
Comunidad de Madrid;0;2021;Europa;Portugal;5002;58904;106406;131384.00;816445.00;1481300.03;57887093.72;5954256.63
Comunidad de Madrid;0;2021;Europa;Países Bajos;5002;58904;106406;317242.00;3119097.00;43051.86;42781401.83;668600.56
Comunidad de Madrid;0;2021;Europa;Italia;5002;58904;106406;158038.00;1027821.00;800528.35;118063810.66;1055175.48
Comunidad de Madrid;0;2021;Europa;Irlanda;5002;58904;106406;21362.00;164362.00;0.00;9096353.90;2755480.76
Comunidad de Madrid;0;2021;Europa;Francia;5002;58904;106406;649803.00;6142419.00;801172.72;251696736.00;5364100.10
Comunidad de Madrid;0;2021;Europa;Bélgica;5002;58904;106406;110650.00;684238.00;178801.10;44058320.79;3062932.11
Comunidad de Madrid;0;2021;Europa;Alemania;5002;58904;106406;220018.00;1822640.00;1325202.18;87715735.53;2327666.77
Comunidad Foral de Navarra;0;2021;Europa;Suiza;252;6612;5866;2831.00;17354.00;0.00;638101.26;148701.83
Comunidad Foral de Navarra;0;2021;Europa;Reino Unido;252;6612;5866;7780.00;64331.00;0.00;1611112.27;0.00
Comunidad Foral de Navarra;0;2021;Europa;Portugal;252;6612;5866;26101.00;323833.00;45277.91;3209460.14;0.00
Comunidad Foral de Navarra;0;2021;Europa;Países Bajos;252;6612;5866;35130.00;328712.00;0.00;5926786.82;0.00
Comunidad Foral de Navarra;0;2021;Europa;Italia;252;6612;5866;53402.00;296425.00;0.00;1178292.31;0.00
Comunidad Foral de Navarra;0;2021;Europa;Irlanda;252;6612;5866;4895.00;39905.00;0.00;355431.09;0.00
Comunidad Foral de Navarra;0;2021;Europa;Francia;252;6612;5866;231292.00;1456952.00;227679153.58;18966660.14;2124058.26
Comunidad Foral de Navarra;0;2021;Europa;Bélgica;252;6612;5866;22965.00;141666.00;2028582.34;1214501.22;0.00
Comunidad Foral de Navarra;0;2021;Europa;Alemania;252;6612;5866;61012.00;616882.00;0.00;5753267.20;506839.71
Comunidad Valenciana;343;2021;Europa;Suiza;2298;61952;67130;93873.00;779606.00;0.00;128939224.82;6742054.53
Comunidad Valenciana;343;2021;Europa;Rusia;2298;61952;67130;43281.00;333691.00;0.00;41004710.26;91572.50
Comunidad Valenciana;343;2021;Europa;Reino Unido;2298;61952;67130;639749.00;5947960.00;0.00;715402244.68;3773063.40
Comunidad Valenciana;343;2021;Europa;Portugal;2298;61952;67130;46508.00;376381.00;0.00;22985787.84;2837247.33
Comunidad Valenciana;343;2021;Europa;Países Bajos;2298;61952;67130;401237.00;3639388.00;10334.89;395942972.51;1865284.43
Comunidad Valenciana;343;2021;Europa;Italia;2298;61952;67130;178609.00;1208343.00;0.00;160409447.28;781266.27
Comunidad Valenciana;343;2021;Europa;Irlanda;2298;61952;67130;53274.00;473153.00;166164.72;95904820.98;1792647.05
Comunidad Valenciana;343;2021;Europa;Francia;2298;61952;67130;773008.00;7875044.00;2768448.00;831112977.92;15806834.56
Comunidad Valenciana;343;2021;Europa;Bélgica;2298;61952;67130;375930.00;3318802.00;924921.18;420423897.12;3245426.22
Comunidad Valenciana;343;2021;Europa;Alemania;2298;61952;67130;410723.00;4365192.00;0.00;359991214.85;517122.44
Extremadura;0;2021;Europa;Suiza;386;12478;8488;3753.00;27382.00;0.00;665887.99;556851.20
Extremadura;0;2021;Europa;Reino Unido;386;12478;8488;10335.00;86629.00;0.00;4127103.41;857002.08
Extremadura;0;2021;Europa;Portugal;386;12478;8488;263164.00;2055139.00;62524103.84;30033738.49;337919.40
Extremadura;0;2021;Europa;Países Bajos;386;12478;8488;50825.00;470603.00;0.00;1419304.67;508022.03
Extremadura;0;2021;Europa;Italia;386;12478;8488;14304.00;103176.00;31993.29;5122160.56;31935.06
Extremadura;0;2021;Europa;Irlanda;386;12478;8488;3216.00;28599.00;0.00;673184.36;0.00
Extremadura;0;2021;Europa;Francia;386;12478;8488;71036.00;695619.00;8691.50;8469225.55;4608873.45
Extremadura;0;2021;Europa;Bélgica;386;12478;8488;10046.00;76663.00;0.00;643052.45;572220.13
Extremadura;0;2021;Europa;Alemania;386;12478;8488;37830.00;380804.00;0.00;7161785.26;153097.91
Galicia;872;2021;Europa;Suiza;1036;35848;28838;49089.00;423740.00;384448.47;37533363.69;8747618.61
Galicia;872;2021;Europa;Rusia;1036;35848;28838;2521.00;12982.00;0.00;10001188.77;0.00
Galicia;872;2021;Europa;Reino Unido;1036;35848;28838;43643.00;404108.00;13533893.54;34126787.73;2396472.44
Galicia;872;2021;Europa;Portugal;1036;35848;28838;446196.00;3161654.00;94916218.91;33460472.06;14244943.22
Galicia;872;2021;Europa;Países Bajos;1036;35848;28838;92572.00;953237.00;0.00;26218858.34;4680160.86
Galicia;872;2021;Europa;Italia;1036;35848;28838;33010.00;291465.00;0.00;46263572.53;0.00
Galicia;872;2021;Europa;Irlanda;1036;35848;28838;4791.00;42721.00;59978.69;6630550.55;549046.26
Galicia;872;2021;Europa;Francia;1036;35848;28838;266849.00;2434269.00;1288159.10;58367745.52;12531173.51
Galicia;872;2021;Europa;Bélgica;1036;35848;28838;32800.00;331097.00;169953.74;3415180.64;0.00
Galicia;872;2021;Europa;Alemania;1036;35848;28838;86090.00;930300.00;542758.27;65320857.14;7719640.33
Islas Baleares;345;2021;Europa;Suiza;976;20806;21278;199060.00;1254028.00;691512.59;336510101.36;0.00
Islas Baleares;345;2021;Europa;Rusia;976;20806;21278;5035.00;35953.00;4787.14;707754.55;0.00
Islas Baleares;345;2021;Europa;Reino Unido;976;20806;21278;1025907.00;7458007.00;774319.47;1173668414.36;776383.27
Islas Baleares;345;2021;Europa;Portugal;976;20806;21278;52756.00;337974.00;192154.26;48825268.48;1450707.22
Islas Baleares;345;2021;Europa;Países Bajos;976;20806;21278;274333.00;1883719.00;109577.39;482649797.82;594873.34
Islas Baleares;345;2021;Europa;Italia;976;20806;21278;270087.00;1681596.00;6587983.16;267269523.62;0.00
Islas Baleares;345;2021;Europa;Irlanda;976;20806;21278;24606.00;179086.00;64806.50;45173082.82;0.00
Islas Baleares;345;2021;Europa;Francia;976;20806;21278;617682.00;4638550.00;4269945.92;621271621.05;2309172.45
Islas Baleares;345;2021;Europa;Bélgica;976;20806;21278;145638.00;939490.00;219892.08;191273126.41;0.00
Islas Baleares;345;2021;Europa;Alemania;976;20806;21278;1609379.00;11845738.00;5629379.09;2635219127.67;1172559.13
La Rioja;0;2021;Europa;Suiza;120;3820;5066;1011.00;7218.00;0.00;134251.98;73561.25
La Rioja;0;2021;Europa;Reino Unido;120;3820;5066;3315.00;30343.00;0.00;2464043.69;51329.92
La Rioja;0;2021;Europa;Portugal;120;3820;5066;4595.00;40090.00;207187.56;32153.24;824613.66
La Rioja;0;2021;Europa;Países Bajos;120;3820;5066;16034.00;146646.00;0.00;3946764.21;159961.47
La Rioja;0;2021;Europa;Italia;120;3820;5066;5054.00;30750.00;0.00;567564.61;0.00
La Rioja;0;2021;Europa;Irlanda;120;3820;5066;1228.00;7609.00;0.00;2183571.55;59093.19
La Rioja;0;2021;Europa;Francia;120;3820;5066;25525.00;240916.00;0.00;5295454.31;715879.75
La Rioja;0;2021;Europa;Bélgica;120;3820;5066;3688.00;22661.00;0.00;1534229.19;0.00
La Rioja;0;2021;Europa;Alemania;120;3820;5066;9888.00;86604.00;0.00;7119299.44;158404.09
Melilla;8;2021;Europa;Países Bajos;46;628;514;2328.00;21182.00;0.00;1349619.56;0.00
Melilla;8;2021;Europa;Francia;46;628;514;2893.00;26525.00;0.00;585810.58;0.00
Melilla;8;2021;Europa;Alemania;46;628;514;2068.00;22527.00;0.00;2729063.37;0.00
País Vasco;66;2021;Europa;Suiza;960;25396;12356;26427.00;103265.00;460742.07;8467147.64;657283.69
País Vasco;66;2021;Europa;Rusia;960;25396;12356;2330.00;12147.00;0.00;11059770.10;0.00
País Vasco;66;2021;Europa;Reino Unido;960;25396;12356;36050.00;249478.00;231394.94;25767177.63;2203703.08
País Vasco;66;2021;Europa;Portugal;960;25396;12356;133479.00;1276143.00;623718.98;4616538.37;8926873.72
País Vasco;66;2021;Europa;Países Bajos;960;25396;12356;102446.00;839075.00;182128.51;48261489.84;2498495.74
País Vasco;66;2021;Europa;Italia;960;25396;12356;65217.00;325925.00;125185.86;11733253.51;392877.90
País Vasco;66;2021;Europa;Irlanda;960;25396;12356;15934.00;133866.00;383152.14;12821872.92;387581.82
País Vasco;66;2021;Europa;Francia;960;25396;12356;566923.00;3205966.00;304956228.24;91362813.15;19633189.33
País Vasco;66;2021;Europa;Bélgica;960;25396;12356;66988.00;333162.00;4499142.65;19404250.07;933844.93
País Vasco;66;2021;Europa;Alemania;960;25396;12356;220407.00;1952444.00;7428768.57;51290185.40;1945723.73
Principado de Asturias;208;2021;Europa;Suiza;440;15024;11600;5978.00;54194.00;0.00;2770246.63;122507.46
Principado de Asturias;208;2021;Europa;Rusia;440;15024;11600;1309.00;8057.00;0.00;1027625.94;0.00
Principado de Asturias;208;2021;Europa;Reino Unido;440;15024;11600;14251.00;134011.00;0.00;7337933.93;89149.88
Principado de Asturias;208;2021;Europa;Portugal;440;15024;11600;17744.00;112973.00;47088.84;5970243.00;1958308.64
Principado de Asturias;208;2021;Europa;Países Bajos;440;15024;11600;49234.00;456610.00;0.00;6269475.20;130363.63
Principado de Asturias;208;2021;Europa;Italia;440;15024;11600;10154.00;93771.00;0.00;23184420.77;0.00
Principado de Asturias;208;2021;Europa;Irlanda;440;15024;11600;1632.00;14407.00;0.00;108556.13;0.00
Principado de Asturias;208;2021;Europa;Francia;440;15024;11600;71811.00;710247.00;0.00;20533228.79;560597.13
Principado de Asturias;208;2021;Europa;Bélgica;440;15024;11600;14107.00;130575.00;0.00;14960281.76;853886.49
Principado de Asturias;208;2021;Europa;Alemania;440;15024;11600;28656.00;306028.00;0.00;19559967.37;1356651.94
Región de Murcia;206;2021;Europa;Suiza;436;13856;13992;7486.00;67916.00;0.00;8620214.01;0.00
Región de Murcia;206;2021;Europa;Reino Unido;436;13856;13992;96909.00;939447.00;0.00;135111728.28;174655.25
Región de Murcia;206;2021;Europa;Portugal;436;13856;13992;12667.00;139432.00;0.00;1722451.10;0.00
Región de Murcia;206;2021;Europa;Países Bajos;436;13856;13992;63980.00;636393.00;0.00;18309866.49;0.00
Región de Murcia;206;2021;Europa;Italia;436;13856;13992;30878.00;271155.00;0.00;11416847.60;0.00
Región de Murcia;206;2021;Europa;Irlanda;436;13856;13992;8694.00;85324.00;0.00;18296018.85;0.00
Región de Murcia;206;2021;Europa;Francia;436;13856;13992;118957.00;1246038.00;0.00;55205194.01;415761.85
Región de Murcia;206;2021;Europa;Bélgica;436;13856;13992;41946.00;377484.00;14438.23;31753087.52;0.00
Región de Murcia;206;2021;Europa;Alemania;436;13856;13992;71952.00;867623.00;0.00;30650271.69;2353505.85
Andalucía;426;2022;Europa;Suiza;5352;99222;90634;181735.00;1405186.00;2547822.66;242778786.47;8473038.79
Andalucía;426;2022;Europa;Rusia;5352;99222;90634;24931.00;217126.00;0.00;6583093.21;0.00
Andalucía;426;2022;Europa;Reino Unido;5352;99222;90634;2598786.00;19504870.00;73306648.07;2429434131.71;24048114.97
Andalucía;426;2022;Europa;Portugal;5352;99222;90634;396770.00;2324105.00;116559422.41;345226587.10;7106881.60
Andalucía;426;2022;Europa;Países Bajos;5352;99222;90634;794955.00;6762953.00;2082018.77;853923310.58;20126001.58
Andalucía;426;2022;Europa;Italia;5352;99222;90634;357670.00;2434795.00;9658991.10;415552416.28;19189428.75
Andalucía;426;2022;Europa;Irlanda;5352;99222;90634;398006.00;3098609.00;91548.23;510788255.37;0.00
Andalucía;426;2022;Europa;Francia;5352;99222;90634;1166207.00;10316215.00;11008615.85;928950648.19;116997990.16
Andalucía;426;2022;Europa;Bélgica;5352;99222;90634;434757.00;3363598.00;648444.41;588150491.11;31230613.28
Andalucía;426;2022;Europa;Alemania;5352;99222;90634;795408.00;8590603.00;22063727.25;1007832708.15;36573387.65
Aragón;0;2022;Europa;Suiza;502;14870;17890;11191.00;75015.00;95405.87;11348842.92;0.00
Aragón;0;2022;Europa;Rusia;502;14870;17890;809.00;6684.00;0.00;275448.21;0.00
Aragón;0;2022;Europa;Reino Unido;502;14870;17890;34834.00;263322.00;224786.89;17253233.24;2658324.96
Aragón;0;2022;Europa;Portugal;502;14870;17890;30813.00;218245.00;0.00;7608469.68;10936729.54
Aragón;0;2022;Europa;Países Bajos;502;14870;17890;102736.00;871358.00;445523.38;14380341.19;3356602.85
Aragón;0;2022;Europa;Italia;502;14870;17890;51379.00;333911.00;175738.66;27675000.53;255463.13
Aragón;0;2022;Europa;Irlanda;502;14870;17890;12498.00;80935.00;0.00;4419214.22;0.00
Aragón;0;2022;Europa;Francia;502;14870;17890;308215.00;1982226.00;18062053.03;57492034.29;1818737.45
Aragón;0;2022;Europa;Bélgica;502;14870;17890;42235.00;321853.00;797660.30;15689652.21;0.00
Aragón;0;2022;Europa;Alemania;502;14870;17890;75984.00;684106.00;224786.89;23865366.56;193990.15
Canarias;677;2022;Europa;Suiza;2284;32486;26928;211637.00;1686259.00;1158947.64;255480648.65;0.00
Canarias;677;2022;Europa;Rusia;2284;32486;26928;11721.00;106097.00;0.00;4480942.65;0.00
Canarias;677;2022;Europa;Reino Unido;2284;32486;26928;4872959.00;36228437.00;93446666.15;6021707922.80;475238.75
Canarias;677;2022;Europa;Portugal;2284;32486;26928;45343.00;310942.00;559025.10;72941474.31;0.00
Canarias;677;2022;Europa;Países Bajos;2284;32486;26928;429004.00;3319858.00;150400.78;1111486146.81;1269637.81
Canarias;677;2022;Europa;Italia;2284;32486;26928;523987.00;4225217.00;2271338.66;678006063.59;1723077.41
Canarias;677;2022;Europa;Irlanda;2284;32486;26928;516126.00;3959833.00;542515.40;841250443.31;0.00
Canarias;677;2022;Europa;Francia;2284;32486;26928;691294.00;5327678.00;1946486.16;861603788.51;7130363.80
Canarias;677;2022;Europa;Bélgica;2284;32486;26928;473227.00;3706801.00;1040999.11;677212679.30;0.00
Canarias;677;2022;Europa;Alemania;2284;32486;26928;2261862.00;22313502.00;64216015.17;3216786347.70;7229679.86
Cantabria;81;2022;Europa;Suiza;250;8270;6686;7219.00;54904.00;0.00;2828432.79;677298.86
Cantabria;81;2022;Europa;Reino Unido;250;8270;6686;48267.00;302228.00;3990134.50;49493800.61;8131405.97
Cantabria;81;2022;Europa;Portugal;250;8270;6686;10727.00;77658.00;0.00;9781228.56;457058.52
Cantabria;81;2022;Europa;Países Bajos;250;8270;6686;39104.00;348954.00;0.00;15418173.40;1069697.03
Cantabria;81;2022;Europa;Italia;250;8270;6686;16914.00;128631.00;0.00;20145868.27;449564.07
Cantabria;81;2022;Europa;Irlanda;250;8270;6686;7564.00;52880.00;0.00;8432812.19;0.00
Cantabria;81;2022;Europa;Francia;250;8270;6686;80027.00;718081.00;0.00;58299337.03;3411798.98
Cantabria;81;2022;Europa;Bélgica;250;8270;6686;14582.00;109045.00;0.00;8108277.80;243756.36
Cantabria;81;2022;Europa;Alemania;250;8270;6686;38151.00;378716.00;0.00;40842958.28;1975258.61
Castilla y León;0;2022;Europa;Suiza;1042;31616;23564;45054.00;194634.00;0.00;6393611.62;3484709.37
Castilla y León;0;2022;Europa;Reino Unido;1042;31616;23564;75556.00;493173.00;359557.03;22228609.57;19048149.08
Castilla y León;0;2022;Europa;Portugal;1042;31616;23564;362245.00;2769262.00;21712264.24;19212424.69;46285374.36
Castilla y León;0;2022;Europa;Países Bajos;1042;31616;23564;208284.00;1880150.00;341653.09;17216686.82;10402083.00
Castilla y León;0;2022;Europa;Italia;1042;31616;23564;83357.00;570195.00;0.00;22339390.14;4765387.03
Castilla y León;0;2022;Europa;Irlanda;1042;31616;23564;32812.00;241580.00;0.00;3136083.02;281655.88
Castilla y León;0;2022;Europa;Francia;1042;31616;23564;476701.00;2994360.00;860312.88;63327174.45;88303094.24
Castilla y León;0;2022;Europa;Bélgica;1042;31616;23564;69667.00;388633.00;0.00;6232064.31;9780659.72
Castilla y León;0;2022;Europa;Alemania;1042;31616;23564;187685.00;1603782.00;315587.27;23571156.18;8439474.79
Castilla-La Mancha;0;2022;Europa;Suiza;778;20964;16614;10230.00;67523.00;0.00;3160102.10;0.00
Castilla-La Mancha;0;2022;Europa;Reino Unido;778;20964;16614;32598.00;263840.00;0.00;15305900.17;432016.66
Castilla-La Mancha;0;2022;Europa;Portugal;778;20964;16614;44977.00;356610.00;5498045.80;2116337.42;5710138.71
Castilla-La Mancha;0;2022;Europa;Países Bajos;778;20964;16614;157315.00;1423824.00;0.00;3951001.25;332325.01
Castilla-La Mancha;0;2022;Europa;Italia;778;20964;16614;49340.00;347672.00;0.00;9338939.20;115507.76
Castilla-La Mancha;0;2022;Europa;Irlanda;778;20964;16614;15737.00;99566.00;0.00;1243109.72;0.00
Castilla-La Mancha;0;2022;Europa;Francia;778;20964;16614;178001.00;1844330.00;0.00;37785164.59;4500341.12
Castilla-La Mancha;0;2022;Europa;Bélgica;778;20964;16614;29003.00;206977.00;0.00;8306626.67;78061.32
Castilla-La Mancha;0;2022;Europa;Alemania;778;20964;16614;70898.00;750882.00;0.00;18253854.29;842438.71
Cataluña;435;2022;Europa;Suiza;4774;89318;135376;377037.00;2137913.00;1786977.00;247227109.78;10341075.61
Cataluña;435;2022;Europa;Rusia;4774;89318;135376;45367.00;357161.00;0.00;20995899.17;288589.41
Cataluña;435;2022;Europa;Reino Unido;4774;89318;135376;1510205.00;8740336.00;69624910.19;1566077630.01;7582339.46
Cataluña;435;2022;Europa;Portugal;4774;89318;135376;217545.00;1484616.00;38516992.42;122010292.00;13599686.96
Cataluña;435;2022;Europa;Países Bajos;4774;89318;135376;1054504.00;8462284.00;29509528.17;876561723.56;11244514.91
Cataluña;435;2022;Europa;Italia;4774;89318;135376;943346.00;4886802.00;83990571.94;736793779.67;8699370.35
Cataluña;435;2022;Europa;Irlanda;4774;89318;135376;364780.00;2297597.00;11278203.79;525059434.66;586097.46
Cataluña;435;2022;Europa;Francia;4774;89318;135376;3660482.00;21827300.00;617778140.82;2326810678.86;67657352.04
Cataluña;435;2022;Europa;Bélgica;4774;89318;135376;552147.00;3684261.00;17161137.16;366129929.49;5658941.48
Cataluña;435;2022;Europa;Alemania;4774;89318;135376;1415661.00;10967601.00;40907721.86;1188957340.97;11926429.63
Ceuta;14;2022;Europa;Países Bajos;62;584;494;5271.00;28764.00;0.00;565234.03;0.00
Ceuta;14;2022;Europa;Bélgica;62;584;494;1993.00;8477.00;0.00;359274.42;0.00
Comunidad de Madrid;0;2022;Europa;Suiza;4912;60604;110544;144385.00;699399.00;697725.39;67414051.02;1489859.88
Comunidad de Madrid;0;2022;Europa;Rusia;4912;60604;110544;8386.00;64328.00;19726.48;8504079.86;0.00
Comunidad de Madrid;0;2022;Europa;Reino Unido;4912;60604;110544;462038.00;2621471.00;936098.46;327998571.65;9749507.65
Comunidad de Madrid;0;2022;Europa;Portugal;4912;60604;110544;247820.00;1270589.00;4414812.37;129993195.18;13989303.29
Comunidad de Madrid;0;2022;Europa;Países Bajos;4912;60604;110544;406413.00;3777742.00;123482.73;113853643.20;4082346.97
Comunidad de Madrid;0;2022;Europa;Italia;4912;60604;110544;348060.00;1877537.00;2460928.63;329519862.10;4468502.49
Comunidad de Madrid;0;2022;Europa;Irlanda;4912;60604;110544;84584.00;504709.00;82854.91;22835443.38;3618391.49
Comunidad de Madrid;0;2022;Europa;Francia;4912;60604;110544;852733.00;7275229.00;850524.44;437641332.80;31522995.73
Comunidad de Madrid;0;2022;Europa;Bélgica;4912;60604;110544;125289.00;741106.00;1805635.08;107459877.39;4880299.95
Comunidad de Madrid;0;2022;Europa;Alemania;4912;60604;110544;381283.00;3048680.00;1343684.03;257106885.73;9583972.14
Comunidad Foral de Navarra;0;2022;Europa;Suiza;268;6684;6174;5633.00;36099.00;0.00;3073401.76;0.00
Comunidad Foral de Navarra;0;2022;Europa;Reino Unido;268;6684;6174;16866.00;131534.00;0.00;5898631.89;381496.48
Comunidad Foral de Navarra;0;2022;Europa;Portugal;268;6684;6174;23875.00;254051.00;0.00;3619717.07;3335234.39
Comunidad Foral de Navarra;0;2022;Europa;Países Bajos;268;6684;6174;43762.00;426622.00;430276.34;2972375.67;827401.45
Comunidad Foral de Navarra;0;2022;Europa;Italia;268;6684;6174;35074.00;235411.00;366165.18;6157733.27;600622.36
Comunidad Foral de Navarra;0;2022;Europa;Irlanda;268;6684;6174;9357.00;64714.00;0.00;5776261.84;0.00
Comunidad Foral de Navarra;0;2022;Europa;Francia;268;6684;6174;297464.00;1620143.00;276507397.30;48843613.79;4661761.12
Comunidad Foral de Navarra;0;2022;Europa;Bélgica;268;6684;6174;24581.00;167393.00;1847045.48;1956323.16;0.00
Comunidad Foral de Navarra;0;2022;Europa;Alemania;268;6684;6174;56192.00;494706.00;0.00;25630475.95;1043102.59
Comunidad Valenciana;343;2022;Europa;Suiza;2360;62638;70556;160204.00;1266962.00;1589433.43;315780353.94;2365870.13
Comunidad Valenciana;343;2022;Europa;Rusia;2360;62638;70556;36326.00;345672.00;0.00;844788.73;0.00
Comunidad Valenciana;343;2022;Europa;Reino Unido;2360;62638;70556;2234284.00;16954797.00;753549.02;2268411459.59;6621012.59
Comunidad Valenciana;343;2022;Europa;Portugal;2360;62638;70556;83480.00;634132.00;864356.36;69841321.50;6423327.97
Comunidad Valenciana;343;2022;Europa;Países Bajos;2360;62638;70556;622127.00;5440962.00;31519.68;860361924.93;14239954.34
Comunidad Valenciana;343;2022;Europa;Italia;2360;62638;70556;319499.00;1936547.00;29055455.02;338587340.61;2396061.47
Comunidad Valenciana;343;2022;Europa;Irlanda;2360;62638;70556;204249.00;1604599.00;0.00;272324127.28;359035.22
Comunidad Valenciana;343;2022;Europa;Francia;2360;62638;70556;922407.00;9044153.00;16655326.12;1413343363.12;97214358.94
Comunidad Valenciana;343;2022;Europa;Bélgica;2360;62638;70556;497754.00;4249397.00;252776.36;747250653.24;12374579.19
Comunidad Valenciana;343;2022;Europa;Alemania;2360;62638;70556;573015.00;6467040.00;4466830.78;604122773.26;18881074.27
Extremadura;0;2022;Europa;Suiza;408;12548;8826;6584.00;50214.00;0.00;6523190.20;1265662.68
Extremadura;0;2022;Europa;Reino Unido;408;12548;8826;21026.00;156043.00;76429.34;9862057.15;14267281.17
Extremadura;0;2022;Europa;Portugal;408;12548;8826;271108.00;2200695.00;48630470.94;38823447.34;2226920.69
Extremadura;0;2022;Europa;Países Bajos;408;12548;8826;69240.00;644047.00;0.00;6287314.07;1726288.69
Extremadura;0;2022;Europa;Italia;408;12548;8826;16734.00;134879.00;0.00;2824818.13;1548502.25
Extremadura;0;2022;Europa;Irlanda;408;12548;8826;6858.00;60226.00;0.00;2150073.14;0.00
Extremadura;0;2022;Europa;Francia;408;12548;8826;98193.00;886623.00;20920.42;39360552.19;5897404.14
Extremadura;0;2022;Europa;Bélgica;408;12548;8826;18611.00;124860.00;7886.47;6514367.59;1985877.15
Extremadura;0;2022;Europa;Alemania;408;12548;8826;48119.00;507175.00;0.00;6349565.43;0.00
Galicia;872;2022;Europa;Suiza;1092;36160;29794;77365.00;661827.00;272793.58;76742895.80;1174957.09
Galicia;872;2022;Europa;Rusia;1092;36160;29794;2621.00;17021.00;0.00;2895059.15;0.00
Galicia;872;2022;Europa;Reino Unido;1092;36160;29794;111335.00;844397.00;61039051.18;87007533.13;4198699.54
Galicia;872;2022;Europa;Portugal;1092;36160;29794;530214.00;3282743.00;114226800.76;81653574.62;3894394.25
Galicia;872;2022;Europa;Países Bajos;1092;36160;29794;130909.00;1375723.00;281142.54;24662153.34;4475250.87
Galicia;872;2022;Europa;Italia;1092;36160;29794;63491.00;529864.00;56921.65;93375884.82;3978452.37
Galicia;872;2022;Europa;Irlanda;1092;36160;29794;24527.00;178313.00;2679200.02;80475523.48;0.00
Galicia;872;2022;Europa;Francia;1092;36160;29794;272997.00;2702883.00;1745303.77;59448563.00;25143915.14
Galicia;872;2022;Europa;Bélgica;1092;36160;29794;54122.00;530711.00;371105.84;20580436.02;820162.65
Galicia;872;2022;Europa;Alemania;1092;36160;29794;132828.00;1468114.00;18686527.09;104788797.19;14108397.87
Islas Baleares;345;2022;Europa;Suiza;976;21552;22556;442176.00;2615096.00;2518638.20;478378427.67;1155198.96
Islas Baleares;345;2022;Europa;Rusia;976;21552;22556;7347.00;55476.00;0.00;1533203.95;0.00
Islas Baleares;345;2022;Europa;Reino Unido;976;21552;22556;3537138.00;22732628.00;17166013.70;3690275166.59;4756813.70
Islas Baleares;345;2022;Europa;Portugal;976;21552;22556;124475.00;772370.00;248309.46;172331946.32;0.00
Islas Baleares;345;2022;Europa;Países Bajos;976;21552;22556;413169.00;2794181.00;1443242.53;788239703.01;2182667.61
Islas Baleares;345;2022;Europa;Italia;976;21552;22556;800054.00;4203662.00;10748211.88;676964386.71;6584113.89
Islas Baleares;345;2022;Europa;Irlanda;976;21552;22556;221537.00;1424771.00;1588711.37;200868243.99;1750683.26
Islas Baleares;345;2022;Europa;Francia;976;21552;22556;954058.00;6179048.00;196504.25;920560440.51;1659825.48
Islas Baleares;345;2022;Europa;Bélgica;976;21552;22556;297823.00;1826778.00;618762.19;305312340.18;1442866.40
Islas Baleares;345;2022;Europa;Alemania;976;21552;22556;4271052.00;31456531.00;39973133.65;4646623512.24;31517117.12
La Rioja;0;2022;Europa;Suiza;118;3854;5152;1907.00;13322.00;0.00;209815.77;0.00
La Rioja;0;2022;Europa;Reino Unido;118;3854;5152;8050.00;61405.00;0.00;9961520.13;0.00
La Rioja;0;2022;Europa;Portugal;118;3854;5152;5330.00;45516.00;0.00;703299.05;1047451.56
La Rioja;0;2022;Europa;Países Bajos;118;3854;5152;17852.00;162663.00;0.00;4548065.02;698743.30
La Rioja;0;2022;Europa;Italia;118;3854;5152;6260.00;44674.00;0.00;5319938.66;399278.76
La Rioja;0;2022;Europa;Irlanda;118;3854;5152;2762.00;17068.00;0.00;4101967.58;0.00
La Rioja;0;2022;Europa;Francia;118;3854;5152;33189.00;290316.00;0.00;19842011.82;3298475.21
La Rioja;0;2022;Europa;Bélgica;118;3854;5152;5060.00;31210.00;0.00;1837697.49;0.00
La Rioja;0;2022;Europa;Alemania;118;3854;5152;12471.00;116906.00;0.00;3095760.25;424877.08
Melilla;8;2022;Europa;Reino Unido;46;634;538;921.00;7477.00;0.00;3920755.65;0.00
Melilla;8;2022;Europa;Países Bajos;46;634;538;6638.00;38249.00;0.00;17848702.35;0.00
País Vasco;66;2022;Europa;Suiza;936;25426;15744;47782.00;185013.00;1145131.74;20879183.86;2909377.72
País Vasco;66;2022;Europa;Rusia;936;25426;15744;2451.00;15975.00;0.00;2083303.07;0.00
País Vasco;66;2022;Europa;Reino Unido;936;25426;15744;121339.00;659041.00;8735503.68;94082617.49;5296304.90
País Vasco;66;2022;Europa;Portugal;936;25426;15744;155474.00;1521206.00;3212422.95;27574303.80;38377364.72
País Vasco;66;2022;Europa;Países Bajos;936;25426;15744;166966.00;1244156.00;2577000.78;71224673.17;5448673.78
País Vasco;66;2022;Europa;Italia;936;25426;15744;86458.00;498428.00;1539371.17;75281926.14;2454901.31
País Vasco;66;2022;Europa;Irlanda;936;25426;15744;45642.00;358394.00;0.00;64456174.92;798850.89
País Vasco;66;2022;Europa;Francia;936;25426;15744;789483.00;4288486.00;445551401.17;217685192.39;29324290.32
País Vasco;66;2022;Europa;Bélgica;936;25426;15744;81009.00;412720.00;1664445.75;48952864.77;2294831.98
País Vasco;66;2022;Europa;Alemania;936;25426;15744;257976.00;2175582.00;34153722.67;98534026.05;5568225.99
Principado de Asturias;208;2022;Europa;Suiza;450;15084;12032;9681.00;85317.00;0.00;9922282.37;0.00
Principado de Asturias;208;2022;Europa;Reino Unido;450;15084;12032;35983.00;273178.00;0.00;34579326.59;6494855.68
Principado de Asturias;208;2022;Europa;Portugal;450;15084;12032;27374.00;152926.00;0.00;8912566.30;781047.66
Principado de Asturias;208;2022;Europa;Países Bajos;450;15084;12032;61027.00;592780.00;0.00;16690115.63;0.00
Principado de Asturias;208;2022;Europa;Italia;450;15084;12032;16564.00;148291.00;0.00;10392085.31;0.00
Principado de Asturias;208;2022;Europa;Irlanda;450;15084;12032;5455.00;41728.00;0.00;6144378.30;0.00
Principado de Asturias;208;2022;Europa;Francia;450;15084;12032;91148.00;923544.00;0.00;38318145.64;6187859.89
Principado de Asturias;208;2022;Europa;Bélgica;450;15084;12032;17503.00;168666.00;0.00;29869252.02;0.00
Principado de Asturias;208;2022;Europa;Alemania;450;15084;12032;40729.00;467239.00;0.00;29254507.85;1352322.87
Región de Murcia;206;2022;Europa;Suiza;452;14138;14458;12500.00;114368.00;0.00;13650044.35;1764421.51
Región de Murcia;206;2022;Europa;Rusia;452;14138;14458;1476.00;13207.00;0.00;206921.90;0.00
Región de Murcia;206;2022;Europa;Reino Unido;452;14138;14458;234913.00;2029333.00;0.00;373110867.36;859011.01
Región de Murcia;206;2022;Europa;Portugal;452;14138;14458;16148.00;165875.00;0.00;3035016.35;831899.79
Región de Murcia;206;2022;Europa;Países Bajos;452;14138;14458;88945.00;911952.00;0.00;35222793.32;443179.67
Región de Murcia;206;2022;Europa;Italia;452;14138;14458;34362.00;264548.00;0.00;23761442.80;4239660.31
Región de Murcia;206;2022;Europa;Irlanda;452;14138;14458;30147.00;252153.00;0.00;30952039.03;0.00
Región de Murcia;206;2022;Europa;Francia;452;14138;14458;137593.00;1470717.00;0.00;104698631.28;17898019.21
Región de Murcia;206;2022;Europa;Bélgica;452;14138;14458;52997.00;460478.00;0.00;80354443.11;1253570.11
Región de Murcia;206;2022;Europa;Alemania;452;14138;14458;88404.00;1169968.00;0.00;63789757.81;3583915.58
Andalucía;426;2023;Europa;Suiza;5278;95686;90650;260316.00;1785226.00;8735410.03;248701304.92;24480947.34
Andalucía;426;2023;Europa;Reino Unido;5278;95686;90650;2892649.00;20905132.00;107361948.63;2823649682.10;30229337.70
Andalucía;426;2023;Europa;Portugal;5278;95686;90650;570430.00;2963222.00;149498994.87;422408367.41;5882160.30
Andalucía;426;2023;Europa;Países Bajos;5278;95686;90650;920727.00;6912141.00;2744582.82;1016502917.98;25863043.90
Andalucía;426;2023;Europa;Italia;5278;95686;90650;477784.00;3031537.00;9809463.76;557960329.53;19574166.14
Andalucía;426;2023;Europa;Irlanda;5278;95686;90650;584081.00;4505424.00;2940897.96;799358077.79;11650309.94
Andalucía;426;2023;Europa;Francia;5278;95686;90650;1292382.00;9904282.00;11142020.31;1161632284.19;157945449.81
Andalucía;426;2023;Europa;Bélgica;5278;95686;90650;490205.00;3685355.00;3912720.63;582246450.24;39291712.14
Andalucía;426;2023;Europa;Alemania;5278;95686;90650;987519.00;9073629.00;6029207.91;1233463313.62;38855252.88
Aragón;0;2023;Europa;Suiza;490;13974;17408;16196.00;119394.00;0.00;11314064.36;985810.52
Aragón;0;2023;Europa;Reino Unido;490;13974;17408;39413.00;285602.00;68819.57;24426793.70;931967.25
Aragón;0;2023;Europa;Portugal;490;13974;17408;37982.00;243401.00;0.00;6605578.88;4176444.44
Aragón;0;2023;Europa;Países Bajos;490;13974;17408;109913.00;792861.00;0.00;6430477.66;586759.16
Aragón;0;2023;Europa;Italia;490;13974;17408;63499.00;407226.00;124443.14;17489239.25;502329.93
Aragón;0;2023;Europa;Irlanda;490;13974;17408;15120.00;79884.00;0.00;10356008.57;377417.06
Aragón;0;2023;Europa;Francia;490;13974;17408;384582.00;2156801.00;27319953.81;91869525.71;6353418.92
Aragón;0;2023;Europa;Bélgica;490;13974;17408;47937.00;337368.00;301061.22;10064705.93;2127628.12
Aragón;0;2023;Europa;Alemania;490;13974;17408;91922.00;687161.00;155515.24;32951953.13;1783501.30
Canarias;677;2023;Europa;Suiza;2006;29440;25536;226855.00;1795393.00;524770.66;277409024.27;830452.10
Canarias;677;2023;Europa;Rusia;2006;29440;25536;13422.00;122955.00;110801.60;0.00;0.00
Canarias;677;2023;Europa;Reino Unido;2006;29440;25536;5492720.00;40314165.00;52140259.58;7027804468.10;20936391.66
Canarias;677;2023;Europa;Portugal;2006;29440;25536;57087.00;362757.00;2397314.68;141837411.01;885198.07
Canarias;677;2023;Europa;Países Bajos;2006;29440;25536;508084.00;3828810.00;736808.71;1110095554.35;138015.55
Canarias;677;2023;Europa;Italia;2006;29440;25536;537213.00;4309912.00;2473778.73;801736022.03;11453987.57
Canarias;677;2023;Europa;Irlanda;2006;29440;25536;675967.00;5311766.00;701261.29;870189397.59;7661544.53
Canarias;677;2023;Europa;Francia;2006;29440;25536;705762.00;5223215.00;2614080.33;867122636.99;2929967.39
Canarias;677;2023;Europa;Bélgica;2006;29440;25536;406607.00;3245899.00;43249.45;634980278.53;1469199.04
Canarias;677;2023;Europa;Alemania;2006;29440;25536;2486141.00;22916188.00;59532429.32;3630782829.50;8119282.07
Cantabria;81;2023;Europa;Suiza;248;8060;6952;8402.00;63855.00;0.00;5713668.49;223122.67
Cantabria;81;2023;Europa;Reino Unido;248;8060;6952;51154.00;308874.00;16314442.17;64032660.58;5378999.10
Cantabria;81;2023;Europa;Portugal;248;8060;6952;13110.00;83879.00;314466.94;1652486.06;6117573.16
Cantabria;81;2023;Europa;Países Bajos;248;8060;6952;44113.00;336723.00;0.00;12361425.72;0.00
Cantabria;81;2023;Europa;Italia;248;8060;6952;21711.00;147792.00;0.00;83214284.25;506572.08
Cantabria;81;2023;Europa;Irlanda;248;8060;6952;12878.00;84872.00;0.00;23575525.98;1188862.03
Cantabria;81;2023;Europa;Francia;248;8060;6952;97414.00;718656.00;1685079.07;70070278.58;1729922.88
Cantabria;81;2023;Europa;Bélgica;248;8060;6952;17831.00;126797.00;0.00;23014425.20;750509.18
Cantabria;81;2023;Europa;Alemania;248;8060;6952;48363.00;413221.00;0.00;34482264.43;700181.91
Castilla y León;0;2023;Europa;Suiza;1048;29806;22320;50848.00;227289.00;0.00;7664684.35;7574669.74
Castilla y León;0;2023;Europa;Reino Unido;1048;29806;22320;87884.00;550698.00;0.00;22053284.03;16710005.16
Castilla y León;0;2023;Europa;Portugal;1048;29806;22320;483280.00;3390022.00;26570239.55;23869145.77;35401943.23
Castilla y León;0;2023;Europa;Países Bajos;1048;29806;22320;211811.00;1508840.00;0.00;13013776.81;12406300.41
Castilla y León;0;2023;Europa;Italia;1048;29806;22320;110539.00;741963.00;0.00;54892888.64;3898677.34
Castilla y León;0;2023;Europa;Irlanda;1048;29806;22320;35343.00;240197.00;0.00;7661154.60;1748070.56
Castilla y León;0;2023;Europa;Francia;1048;29806;22320;590957.00;3148308.00;1578330.39;76232376.59;119327800.52
Castilla y León;0;2023;Europa;Bélgica;1048;29806;22320;92530.00;486604.00;0.00;5805730.81;6532734.24
Castilla y León;0;2023;Europa;Alemania;1048;29806;22320;243632.00;1680842.00;0.00;38960126.91;9336524.98
Castilla-La Mancha;0;2023;Europa;Suiza;798;20008;16612;17182.00;116455.00;0.00;3971245.11;72693.40
Castilla-La Mancha;0;2023;Europa;Reino Unido;798;20008;16612;38197.00;288873.00;0.00;24459741.02;1282623.84
Castilla-La Mancha;0;2023;Europa;Portugal;798;20008;16612;58330.00;411765.00;152746.95;12148597.99;5807782.51
Castilla-La Mancha;0;2023;Europa;Países Bajos;798;20008;16612;159461.00;1165530.00;0.00;22005708.61;0.00
Castilla-La Mancha;0;2023;Europa;Italia;798;20008;16612;55909.00;376011.00;0.00;5516322.92;470637.39
Castilla-La Mancha;0;2023;Europa;Irlanda;798;20008;16612;15865.00;95042.00;0.00;551608.93;0.00
Castilla-La Mancha;0;2023;Europa;Francia;798;20008;16612;198333.00;1698004.00;0.00;35030943.73;4810371.07
Castilla-La Mancha;0;2023;Europa;Bélgica;798;20008;16612;37892.00;254739.00;0.00;3907609.31;159862.60
Castilla-La Mancha;0;2023;Europa;Alemania;798;20008;16612;83640.00;742881.00;0.00;12159276.84;1434420.18
Cataluña;435;2023;Europa;Suiza;4732;83524;132804;433718.00;2413541.00;11229342.08;280818150.87;14934963.04
Cataluña;435;2023;Europa;Rusia;4732;83524;132804;65404.00;529103.00;3251240.71;0.00;0.00
Cataluña;435;2023;Europa;Reino Unido;4732;83524;132804;1884143.00;10459409.00;110279525.82;1893129634.99;8288731.68
Cataluña;435;2023;Europa;Portugal;4732;83524;132804;281293.00;1805771.00;82147392.49;170813846.83;26940860.40
Cataluña;435;2023;Europa;Países Bajos;4732;83524;132804;1235654.00;8620540.00;23557176.77;750093244.27;12970745.15
Cataluña;435;2023;Europa;Italia;4732;83524;132804;1230182.00;5968841.00;100260033.52;857808181.01;25166180.49
Cataluña;435;2023;Europa;Irlanda;4732;83524;132804;474234.00;2936182.00;40201257.34;441826827.18;12545059.04
Cataluña;435;2023;Europa;Francia;4732;83524;132804;4316777.00;22279794.00;663039139.09;2514385355.33;189737944.00
Cataluña;435;2023;Europa;Bélgica;4732;83524;132804;668850.00;4250957.00;25922772.40;520229518.86;17378576.53
Cataluña;435;2023;Europa;Alemania;4732;83524;132804;1647415.00;11214307.00;109580177.21;1240460612.37;25294744.94
Ceuta;14;2023;Europa;Reino Unido;58;506;450;10704.00;41183.00;0.00;102045.42;0.00
Ceuta;14;2023;Europa;Países Bajos;58;506;450;6517.00;29826.00;0.00;464256.06;0.00
Ceuta;14;2023;Europa;Francia;58;506;450;9158.00;47861.00;0.00;0.00;39292.29
Comunidad de Madrid;0;2023;Europa;Suiza;4498;53656;105414;157388.00;798013.00;2343773.75;107610109.06;1523930.77
Comunidad de Madrid;0;2023;Europa;Reino Unido;4498;53656;105414;456240.00;2589576.00;1565672.91;409810653.38;13939461.54
Comunidad de Madrid;0;2023;Europa;Portugal;4498;53656;105414;326318.00;1563246.00;7792494.82;165003213.85;24961013.67
Comunidad de Madrid;0;2023;Europa;Países Bajos;4498;53656;105414;431356.00;3371137.00;57266.21;138458744.20;5976363.73
Comunidad de Madrid;0;2023;Europa;Italia;4498;53656;105414;434324.00;2177737.00;6367723.61;448244361.58;16921920.16
Comunidad de Madrid;0;2023;Europa;Irlanda;4498;53656;105414;123888.00;684454.00;68966.25;24290461.56;1888119.41
Comunidad de Madrid;0;2023;Europa;Francia;4498;53656;105414;945560.00;7040108.00;8859189.16;478909361.71;50208718.62
Comunidad de Madrid;0;2023;Europa;Bélgica;4498;53656;105414;155048.00;858036.00;598666.10;161006122.11;6361722.19
Comunidad de Madrid;0;2023;Europa;Alemania;4498;53656;105414;550436.00;3182396.00;1236879.37;366160608.27;20394542.55
Comunidad Foral de Navarra;0;2023;Europa;Suiza;250;6160;5528;7600.00;49536.00;130987.19;1268286.20;0.00
Comunidad Foral de Navarra;0;2023;Europa;Reino Unido;250;6160;5528;20142.00;142571.00;0.00;13691189.09;0.00
Comunidad Foral de Navarra;0;2023;Europa;Portugal;250;6160;5528;31974.00;321108.00;0.00;4755272.66;5811888.38
Comunidad Foral de Navarra;0;2023;Europa;Países Bajos;250;6160;5528;51980.00;389041.00;267491.04;6121565.69;693769.76
Comunidad Foral de Navarra;0;2023;Europa;Italia;250;6160;5528;38637.00;280964.00;0.00;4489033.64;0.00
Comunidad Foral de Navarra;0;2023;Europa;Irlanda;250;6160;5528;9618.00;61196.00;0.00;4693685.03;0.00
Comunidad Foral de Navarra;0;2023;Europa;Francia;250;6160;5528;510824.00;2200201.00;332877685.86;59205938.14;10873572.21
Comunidad Foral de Navarra;0;2023;Europa;Bélgica;250;6160;5528;32828.00;199373.00;177153.77;5443852.12;476092.19
Comunidad Foral de Navarra;0;2023;Europa;Alemania;250;6160;5528;74961.00;452835.00;37687.94;13632164.79;711291.88
Comunidad Valenciana;343;2023;Europa;Suiza;2242;58474;70266;217424.00;1748033.00;7130224.91;403623576.15;3372000.54
Comunidad Valenciana;343;2023;Europa;Reino Unido;2242;58474;70266;2618272.00;18971392.00;21126292.69;2655632263.10;10549992.72
Comunidad Valenciana;343;2023;Europa;Portugal;2242;58474;70266;116201.00;817679.00;1471100.68;45880928.23;4679212.22
Comunidad Valenciana;343;2023;Europa;Países Bajos;2242;58474;70266;751557.00;6011540.00;1394917.84;1012060517.34;19793115.27
Comunidad Valenciana;343;2023;Europa;Italia;2242;58474;70266;424664.00;2462955.00;147508976.63;412590203.19;25054902.50
Comunidad Valenciana;343;2023;Europa;Irlanda;2242;58474;70266;291101.00;2304325.00;143866.40;372435717.58;1800815.62
Comunidad Valenciana;343;2023;Europa;Francia;2242;58474;70266;1048477.00;8958043.00;41529803.76;1935511993.79;133029353.06
Comunidad Valenciana;343;2023;Europa;Bélgica;2242;58474;70266;533479.00;4722737.00;2136655.91;757717465.58;17905955.26
Comunidad Valenciana;343;2023;Europa;Alemania;2242;58474;70266;686143.00;6821752.00;7315619.02;744897570.33;25624782.41
Extremadura;0;2023;Europa;Suiza;442;11794;8874;10500.00;76446.00;0.00;5881554.01;2705814.91
Extremadura;0;2023;Europa;Reino Unido;442;11794;8874;24433.00;175532.00;0.00;6269051.50;1976100.10
Extremadura;0;2023;Europa;Portugal;442;11794;8874;463547.00;3024799.00;66229992.07;41315835.94;5814103.62
Extremadura;0;2023;Europa;Países Bajos;442;11794;8874;80649.00;542606.00;0.00;2671304.55;2011995.44
Extremadura;0;2023;Europa;Italia;442;11794;8874;28855.00;196130.00;0.00;2803462.78;0.00
Extremadura;0;2023;Europa;Irlanda;442;11794;8874;7292.00;65619.00;0.00;3262761.26;0.00
Extremadura;0;2023;Europa;Francia;442;11794;8874;117832.00;884432.00;40566.53;16501553.96;18446188.64
Extremadura;0;2023;Europa;Bélgica;442;11794;8874;24823.00;155528.00;12027.22;1101781.54;1309408.91
Extremadura;0;2023;Europa;Alemania;442;11794;8874;58915.00;536960.00;0.00;14394287.97;5280532.67
Galicia;872;2023;Europa;Suiza;1124;34064;29976;85498.00;711857.00;1460583.57;123805290.55;6036745.96
Galicia;872;2023;Europa;Reino Unido;1124;34064;29976;129487.00;929449.00;48483598.55;114858877.29;3402835.09
Galicia;872;2023;Europa;Portugal;1124;34064;29976;789849.00;4170951.00;133328677.28;151181733.16;2745621.69
Galicia;872;2023;Europa;Países Bajos;1124;34064;29976;131522.00;1108337.00;533591.83;46255554.04;6671658.11
Galicia;872;2023;Europa;Italia;1124;34064;29976;75086.00;587956.00;77611.36;54850022.61;4402820.58
Galicia;872;2023;Europa;Irlanda;1124;34064;29976;32790.00;232295.00;226403.72;156180551.12;1258194.55
Galicia;872;2023;Europa;Francia;1124;34064;29976;326563.00;2699538.00;2094300.64;125099482.81;23892414.07
Galicia;872;2023;Europa;Bélgica;1124;34064;29976;67922.00;581833.00;651745.18;24234693.57;471569.49
Galicia;872;2023;Europa;Alemania;1124;34064;29976;165066.00;1542774.00;5832349.83;78877889.56;12000052.28
Islas Baleares;345;2023;Europa;Suiza;964;20228;22946;463324.00;2687195.00;6605010.16;610193399.00;0.00
Islas Baleares;345;2023;Europa;Reino Unido;964;20228;22946;3819617.00;24013570.00;33014363.50;4234651707.20;7522000.16
Islas Baleares;345;2023;Europa;Portugal;964;20228;22946;144128.00;834825.00;875430.55;169097488.34;38952.49
Islas Baleares;345;2023;Europa;Países Bajos;964;20228;22946;497779.00;3071463.00;4958697.02;921160074.09;11062023.53
Islas Baleares;345;2023;Europa;Italia;964;20228;22946;894669.00;4498892.00;28687861.48;784955623.52;1125626.77
Islas Baleares;345;2023;Europa;Irlanda;964;20228;22946;242881.00;1596223.00;3268863.86;175365137.69;0.00
Islas Baleares;345;2023;Europa;Francia;964;20228;22946;955286.00;5598296.00;18307591.47;1004763770.05;7026103.16
Islas Baleares;345;2023;Europa;Bélgica;964;20228;22946;220854.00;1336399.00;1071638.49;318463261.67;3987881.81
Islas Baleares;345;2023;Europa;Alemania;964;20228;22946;4335303.00;29600634.00;113782585.02;5123383875.97;26806265.92
La Rioja;0;2023;Europa;Suiza;116;3708;5000;2442.00;16249.00;0.00;578492.26;0.00
La Rioja;0;2023;Europa;Reino Unido;116;3708;5000;8997.00;65073.00;0.00;9735342.27;263095.41
La Rioja;0;2023;Europa;Portugal;116;3708;5000;6679.00;52328.00;0.00;1003045.53;885782.96
La Rioja;0;2023;Europa;Países Bajos;116;3708;5000;19956.00;148733.00;0.00;556813.71;0.00
La Rioja;0;2023;Europa;Italia;116;3708;5000;7287.00;51121.00;0.00;3081993.20;0.00
La Rioja;0;2023;Europa;Irlanda;116;3708;5000;3152.00;20688.00;0.00;2300389.26;0.00
La Rioja;0;2023;Europa;Francia;116;3708;5000;37162.00;277142.00;0.00;13005632.46;1910141.09
La Rioja;0;2023;Europa;Bélgica;116;3708;5000;6479.00;38685.00;0.00;1923305.95;185392.25
La Rioja;0;2023;Europa;Alemania;116;3708;5000;15317.00;117423.00;0.00;8632459.78;651180.00
Melilla;8;2023;Europa;Reino Unido;42;592;496;933.00;6225.00;0.00;954280.70;0.00
Melilla;8;2023;Europa;Italia;42;592;496;1139.00;9031.00;0.00;366245.11;0.00
Melilla;8;2023;Europa;Bélgica;42;592;496;5167.00;19297.00;0.00;1472561.07;0.00
Melilla;8;2023;Europa;Alemania;42;592;496;6755.00;42921.00;0.00;3214753.23;0.00
País Vasco;66;2023;Europa;Suiza;900;24716;15344;52938.00;232851.00;5523691.18;34563386.29;4766707.73
País Vasco;66;2023;Europa;Reino Unido;900;24716;15344;129462.00;680224.00;25383967.11;117949814.53;4044754.72
País Vasco;66;2023;Europa;Portugal;900;24716;15344;194812.00;1778931.00;1373774.34;42342406.92;30233857.48
País Vasco;66;2023;Europa;Países Bajos;900;24716;15344;203453.00;1228008.00;1275286.84;85255107.88;9739903.03
País Vasco;66;2023;Europa;Italia;900;24716;15344;110418.00;643705.00;101268.24;79901544.83;4902198.96
País Vasco;66;2023;Europa;Irlanda;900;24716;15344;61008.00;475212.00;460776.79;60539319.96;5352231.22
País Vasco;66;2023;Europa;Francia;900;24716;15344;993492.00;4871374.00;744409731.93;277643866.56;45381810.91
País Vasco;66;2023;Europa;Bélgica;900;24716;15344;106146.00;488703.00;2565939.49;44068327.54;3885343.19
País Vasco;66;2023;Europa;Alemania;900;24716;15344;330774.00;2314772.00;19975424.10;131646524.99;6239196.56
Principado de Asturias;208;2023;Europa;Suiza;458;14328;12052;11492.00;98459.00;0.00;5204597.53;393181.17
Principado de Asturias;208;2023;Europa;Reino Unido;458;14328;12052;39833.00;287846.00;0.00;32232481.31;2235743.37
Principado de Asturias;208;2023;Europa;Portugal;458;14328;12052;32816.00;179085.00;379166.05;7247230.51;2025092.55
Principado de Asturias;208;2023;Europa;Países Bajos;458;14328;12052;64592.00;502868.00;0.00;22692680.15;2962903.32
Principado de Asturias;208;2023;Europa;Italia;458;14328;12052;19805.00;162516.00;0.00;20556769.72;964702.03
Principado de Asturias;208;2023;Europa;Irlanda;458;14328;12052;9736.00;69403.00;0.00;19317267.67;5410164.38
Principado de Asturias;208;2023;Europa;Francia;458;14328;12052;99278.00;872415.00;310274.17;56960079.17;3243909.03
Principado de Asturias;208;2023;Europa;Bélgica;458;14328;12052;21658.00;192292.00;0.00;38904924.30;2138745.96
Principado de Asturias;208;2023;Europa;Alemania;458;14328;12052;67651.00;553483.00;0.00;30712263.81;3894300.30
Región de Murcia;206;2023;Europa;Suiza;416;13596;14360;17024.00;146804.00;0.00;16861227.18;4761296.81
Región de Murcia;206;2023;Europa;Reino Unido;416;13596;14360;246284.00;2027795.00;0.00;341864682.20;745385.95
Región de Murcia;206;2023;Europa;Portugal;416;13596;14360;19231.00;158534.00;0.00;5083649.78;7801223.25
Región de Murcia;206;2023;Europa;Países Bajos;416;13596;14360;92520.00;774529.00;0.00;51759864.63;2454583.82
Región de Murcia;206;2023;Europa;Italia;416;13596;14360;42922.00;322673.00;0.00;25264587.73;1273077.33
Región de Murcia;206;2023;Europa;Irlanda;416;13596;14360;31707.00;248193.00;0.00;42555796.13;1468829.89
Región de Murcia;206;2023;Europa;Francia;416;13596;14360;156148.00;1404102.00;1669815.33;172254297.90;33329388.34
Región de Murcia;206;2023;Europa;Bélgica;416;13596;14360;55088.00;447281.00;0.00;115586356.39;5812341.92
Región de Murcia;206;2023;Europa;Alemania;416;13596;14360;96665.00;1142092.00;139700.11;51166740.34;3173613.31
Andalucía;426;2024;Europa;Suiza;5738;96658;96934;405820.00;2353293.00;0.00;330648435.75;12366775.23
Andalucía;426;2024;Europa;Reino Unido;5738;96658;96934;3055525.00;21950323.00;0.00;3351433235.10;61526569.26
Andalucía;426;2024;Europa;Portugal;5738;96658;96934;649321.00;3297090.00;0.00;446184648.31;4129508.71
Andalucía;426;2024;Europa;Países Bajos;5738;96658;96934;1109376.00;7212266.00;0.00;1350656173.34;46102365.22
Andalucía;426;2024;Europa;Italia;5738;96658;96934;566787.00;3455281.00;0.00;738185316.02;10912952.79
Andalucía;426;2024;Europa;Irlanda;5738;96658;96934;641702.00;4846818.00;0.00;882236888.44;810665.03
Andalucía;426;2024;Europa;Francia;5738;96658;96934;1412050.00;10280627.00;0.00;1284390240.86;148450386.93
Andalucía;426;2024;Europa;Bélgica;5738;96658;96934;505935.00;3786875.00;0.00;730277293.77;66158103.31
Andalucía;426;2024;Europa;Alemania;5738;96658;96934;1148657.00;9538271.00;0.00;1582169736.66;33342640.66
Aragón;0;2024;Europa;Suiza;500;14092;17996;19249.00;154531.00;0.00;13339255.16;200357.58
Aragón;0;2024;Europa;Reino Unido;500;14092;17996;45334.00;341290.00;0.00;21970444.13;707187.24
Aragón;0;2024;Europa;Portugal;500;14092;17996;42586.00;346235.00;0.00;7903164.46;5480545.29
Aragón;0;2024;Europa;Países Bajos;500;14092;17996;112807.00;705642.00;0.00;14545658.31;2012759.90
Aragón;0;2024;Europa;Italia;500;14092;17996;64439.00;428792.00;0.00;28963729.91;706822.44
Aragón;0;2024;Europa;Irlanda;500;14092;17996;17104.00;102576.00;0.00;3942121.33;0.00
Aragón;0;2024;Europa;Francia;500;14092;17996;374747.00;1997821.00;0.00;108857919.70;7425789.92
Aragón;0;2024;Europa;Bélgica;500;14092;17996;52534.00;390259.00;0.00;11941126.68;142430.00
Aragón;0;2024;Europa;Alemania;500;14092;17996;103450.00;747167.00;0.00;22641158.48;1764455.04
Canarias;677;2024;Europa;Suiza;2078;29790;27068;239592.00;1875729.00;0.00;341367277.45;1293003.40
Canarias;677;2024;Europa;Reino Unido;2078;29790;27068;6008527.00;44054900.00;0.00;8023573771.10;1627625.47
Canarias;677;2024;Europa;Portugal;2078;29790;27068;58466.00;395933.00;0.00;144376014.07;0.00
Canarias;677;2024;Europa;Países Bajos;2078;29790;27068;607692.00;4296934.00;0.00;1323914895.57;0.00
Canarias;677;2024;Europa;Italia;2078;29790;27068;574307.00;4403760.00;0.00;880081435.25;22109121.32
Canarias;677;2024;Europa;Irlanda;2078;29790;27068;763708.00;6001323.00;0.00;1080073511.77;0.00
Canarias;677;2024;Europa;Francia;2078;29790;27068;763843.00;5634441.00;0.00;1008810371.64;5469171.24
Canarias;677;2024;Europa;Bélgica;2078;29790;27068;372351.00;3019868.00;0.00;894531726.32;2999009.64
Canarias;677;2024;Europa;Alemania;2078;29790;27068;2782946.00;24594119.00;0.00;4319010016.20;6799829.44
Cantabria;81;2024;Europa;Suiza;242;8130;7314;10651.00;81940.00;0.00;6673596.99;211437.84
Cantabria;81;2024;Europa;Reino Unido;242;8130;7314;54681.00;326766.00;0.00;51838041.06;5786530.34
Cantabria;81;2024;Europa;Portugal;242;8130;7314;14940.00;98533.00;0.00;716428.68;2919829.41
Cantabria;81;2024;Europa;Países Bajos;242;8130;7314;50784.00;312628.00;0.00;22973589.12;605178.01
Cantabria;81;2024;Europa;Italia;242;8130;7314;22035.00;150066.00;0.00;56300718.27;1104578.34
Cantabria;81;2024;Europa;Irlanda;242;8130;7314;12544.00;87315.00;0.00;9198203.04;2602949.48
Cantabria;81;2024;Europa;Francia;242;8130;7314;101662.00;705833.00;0.00;77202377.63;12571825.84
Cantabria;81;2024;Europa;Bélgica;242;8130;7314;18274.00;142710.00;0.00;36350438.11;0.00
Cantabria;81;2024;Europa;Alemania;242;8130;7314;52869.00;422814.00;0.00;52562238.98;1867963.23
Castilla y León;0;2024;Europa;Suiza;1072;29974;23392;59047.00;285846.00;0.00;7224489.47;7567429.99
Castilla y León;0;2024;Europa;Reino Unido;1072;29974;23392;95477.00;619662.00;0.00;38025582.52;16453978.68
Castilla y León;0;2024;Europa;Portugal;1072;29974;23392;486359.00;3304491.00;0.00;49860660.82;34584998.94
Castilla y León;0;2024;Europa;Países Bajos;1072;29974;23392;223804.00;1273903.00;0.00;11802417.08;10223208.57
Castilla y León;0;2024;Europa;Italia;1072;29974;23392;103503.00;718521.00;0.00;30743305.15;3568646.43
Castilla y León;0;2024;Europa;Irlanda;1072;29974;23392;36531.00;234210.00;0.00;691847.34;1432843.66
Castilla y León;0;2024;Europa;Francia;1072;29974;23392;591978.00;3030702.00;0.00;88881495.83;114355426.72
Castilla y León;0;2024;Europa;Bélgica;1072;29974;23392;97884.00;558316.00;0.00;16811894.23;8777729.89
Castilla y León;0;2024;Europa;Alemania;1072;29974;23392;259139.00;1576339.00;0.00;37523002.67;6466849.78
Castilla-La Mancha;0;2024;Europa;Suiza;876;19972;17446;20031.00;135049.00;0.00;6959283.02;0.00
Castilla-La Mancha;0;2024;Europa;Reino Unido;876;19972;17446;42398.00;316753.00;0.00;10936502.89;0.00
Castilla-La Mancha;0;2024;Europa;Portugal;876;19972;17446;63368.00;462693.00;0.00;11959129.49;584717.15
Castilla-La Mancha;0;2024;Europa;Países Bajos;876;19972;17446;167412.00;920269.00;0.00;12749214.88;461147.02
Castilla-La Mancha;0;2024;Europa;Italia;876;19972;17446;54704.00;367544.00;0.00;12655590.60;813997.74
Castilla-La Mancha;0;2024;Europa;Irlanda;876;19972;17446;17622.00;110849.00;0.00;558167.55;0.00
Castilla-La Mancha;0;2024;Europa;Francia;876;19972;17446;205390.00;1552775.00;0.00;44834193.82;5206181.23
Castilla-La Mancha;0;2024;Europa;Bélgica;876;19972;17446;42101.00;300049.00;0.00;6319806.85;68389.24
Castilla-La Mancha;0;2024;Europa;Alemania;876;19972;17446;90401.00;639750.00;0.00;4854262.59;4085779.09
Cataluña;435;2024;Europa;Suiza;5096;84854;140510;612778.00;3509457.00;0.00;308527611.61;19188747.62
Cataluña;435;2024;Europa;Reino Unido;5096;84854;140510;2104441.00;11851062.00;0.00;2022485450.80;10390793.78
Cataluña;435;2024;Europa;Portugal;5096;84854;140510;303607.00;2012556.00;0.00;212012502.09;26789537.97
Cataluña;435;2024;Europa;Países Bajos;5096;84854;140510;1387078.00;8860720.00;0.00;947019549.08;18053931.29
Cataluña;435;2024;Europa;Italia;5096;84854;140510;1357281.00;6523550.00;0.00;1051130305.12;20029866.06
Cataluña;435;2024;Europa;Irlanda;5096;84854;140510;510609.00;3183118.00;0.00;721638094.26;5267841.04
Cataluña;435;2024;Europa;Francia;5096;84854;140510;5068587.00;25369702.00;0.00;2683596446.89;224989332.77
Cataluña;435;2024;Europa;Bélgica;5096;84854;140510;736381.00;4713253.00;0.00;528016832.65;37983150.52
Cataluña;435;2024;Europa;Alemania;5096;84854;140510;1805210.00;11726410.00;0.00;1531457722.13;31833431.33
Ceuta;14;2024;Europa;Suiza;50;484;452;3644.00;11511.00;0.00;195302.78;0.00
Ceuta;14;2024;Europa;Reino Unido;50;484;452;12985.00;53403.00;0.00;190692.07;0.00
Ceuta;14;2024;Europa;Italia;50;484;452;4564.00;22548.00;0.00;1388603.82;0.00
Comunidad de Madrid;0;2024;Europa;Suiza;4814;54428;111018;214275.00;1024569.00;0.00;110751340.39;3805626.92
Comunidad de Madrid;0;2024;Europa;Reino Unido;4814;54428;111018;479628.00;2753515.00;0.00;441900746.29;25680711.18
Comunidad de Madrid;0;2024;Europa;Portugal;4814;54428;111018;352222.00;1770695.00;0.00;115698096.85;8413342.33
Comunidad de Madrid;0;2024;Europa;Países Bajos;4814;54428;111018;485296.00;3037861.00;0.00;160315173.29;6455677.20
Comunidad de Madrid;0;2024;Europa;Italia;4814;54428;111018;497429.00;2435118.00;0.00;539576889.29;16202513.74
Comunidad de Madrid;0;2024;Europa;Irlanda;4814;54428;111018;137008.00;750146.00;0.00;20828923.27;3284630.98
Comunidad de Madrid;0;2024;Europa;Francia;4814;54428;111018;1047111.00;7297709.00;0.00;512919896.34;55234398.78
Comunidad de Madrid;0;2024;Europa;Bélgica;4814;54428;111018;174918.00;1034277.00;0.00;178266118.55;4575964.93
Comunidad de Madrid;0;2024;Europa;Alemania;4814;54428;111018;706788.00;3459297.00;0.00;356872288.94;11139957.67
Comunidad Foral de Navarra;0;2024;Europa;Suiza;246;6098;5620;8792.00;59347.00;0.00;4273416.03;4474563.65
Comunidad Foral de Navarra;0;2024;Europa;Reino Unido;246;6098;5620;22719.00;161754.00;0.00;7852165.60;545657.55
Comunidad Foral de Navarra;0;2024;Europa;Portugal;246;6098;5620;33457.00;356176.00;0.00;9102511.42;691515.01
Comunidad Foral de Navarra;0;2024;Europa;Países Bajos;246;6098;5620;58759.00;330685.00;0.00;3307820.36;1062681.66
Comunidad Foral de Navarra;0;2024;Europa;Italia;246;6098;5620;40197.00;304553.00;0.00;10592173.07;369999.09
Comunidad Foral de Navarra;0;2024;Europa;Irlanda;246;6098;5620;10841.00;68693.00;0.00;7699744.77;2785568.34
Comunidad Foral de Navarra;0;2024;Europa;Francia;246;6098;5620;561386.00;2214153.00;0.00;131154649.96;5290639.60
Comunidad Foral de Navarra;0;2024;Europa;Bélgica;246;6098;5620;38242.00;235981.00;0.00;2690944.00;1310370.27
Comunidad Foral de Navarra;0;2024;Europa;Alemania;246;6098;5620;91074.00;466797.00;0.00;30938956.42;57539.55
Comunidad Valenciana;343;2024;Europa;Suiza;2384;59840;74520;367514.00;2813431.00;0.00;460180619.79;10133551.13
Comunidad Valenciana;343;2024;Europa;Reino Unido;2384;59840;74520;2909801.00;21026420.00;0.00;3339260396.60;17652752.87
Comunidad Valenciana;343;2024;Europa;Portugal;2384;59840;74520;121756.00;883957.00;0.00;60626353.17;5219758.66
Comunidad Valenciana;343;2024;Europa;Países Bajos;2384;59840;74520;898190.00;7041407.00;0.00;1242437411.11;29805026.94
Comunidad Valenciana;343;2024;Europa;Italia;2384;59840;74520;478092.00;2787381.00;0.00;457129703.17;6254438.65
Comunidad Valenciana;343;2024;Europa;Irlanda;2384;59840;74520;319789.00;2529827.00;0.00;503945018.02;1723368.55
Comunidad Valenciana;343;2024;Europa;Francia;2384;59840;74520;1112591.00;9284243.00;0.00;2164261782.25;238555030.83
Comunidad Valenciana;343;2024;Europa;Bélgica;2384;59840;74520;544503.00;5059252.00;0.00;871430301.69;23212539.52
Comunidad Valenciana;343;2024;Europa;Alemania;2384;59840;74520;774864.00;7084521.00;0.00;902746755.59;25528956.53
Extremadura;0;2024;Europa;Suiza;458;11948;9344;10364.00;75793.00;0.00;2537235.32;0.00
Extremadura;0;2024;Europa;Reino Unido;458;11948;9344;26752.00;188400.00;0.00;10919956.26;3053998.35
Extremadura;0;2024;Europa;Portugal;458;11948;9344;555341.00;3245044.00;0.00;29270473.07;1957268.05
Extremadura;0;2024;Europa;Países Bajos;458;11948;9344;82775.00;408641.00;0.00;7948797.63;1813496.80
Extremadura;0;2024;Europa;Italia;458;11948;9344;20733.00;169179.00;0.00;17931998.04;64927.92
Extremadura;0;2024;Europa;Irlanda;458;11948;9344;7846.00;63318.00;0.00;1397662.49;4150616.90
Extremadura;0;2024;Europa;Francia;458;11948;9344;123633.00;855109.00;0.00;15523538.59;18660118.16
Extremadura;0;2024;Europa;Bélgica;458;11948;9344;26579.00;182110.00;0.00;997232.39;1639800.45
Extremadura;0;2024;Europa;Alemania;458;11948;9344;64348.00;512832.00;0.00;15146334.81;547338.07
Galicia;872;2024;Europa;Suiza;1226;34140;31826;100183.00;808572.00;0.00;71873062.11;1545410.45
Galicia;872;2024;Europa;Reino Unido;1226;34140;31826;142936.00;966490.00;0.00;112189810.45;1097228.58
Galicia;872;2024;Europa;Portugal;1226;34140;31826;787135.00;3931055.00;0.00;183821746.37;20100130.06
Galicia;872;2024;Europa;Países Bajos;1226;34140;31826;149186.00;921972.00;0.00;28411890.76;2160811.63
Galicia;872;2024;Europa;Italia;1226;34140;31826;75795.00;586030.00;0.00;61535720.58;1255254.35
Galicia;872;2024;Europa;Irlanda;1226;34140;31826;40702.00;283385.00;0.00;82774776.06;0.00
Galicia;872;2024;Europa;Francia;1226;34140;31826;325768.00;2519382.00;0.00;86915647.31;36079296.52
Galicia;872;2024;Europa;Bélgica;1226;34140;31826;67467.00;656104.00;0.00;53538043.24;1058590.65
Galicia;872;2024;Europa;Alemania;1226;34140;31826;180905.00;1522395.00;0.00;130261780.47;5936263.08
Islas Baleares;345;2024;Europa;Suiza;992;20232;24060;484304.00;2781938.00;0.00;618791669.69;257915.98
Islas Baleares;345;2024;Europa;Reino Unido;992;20232;24060;4043421.00;25443435.00;0.00;4362799596.76;14968908.52
Islas Baleares;345;2024;Europa;Portugal;992;20232;24060;153560.00;931394.00;0.00;189237546.10;0.00
Islas Baleares;345;2024;Europa;Países Bajos;992;20232;24060;516816.00;3167411.00;0.00;967646602.42;4046979.17
Islas Baleares;345;2024;Europa;Italia;992;20232;24060;868462.00;4462836.00;0.00;908993804.59;1253726.95
Islas Baleares;345;2024;Europa;Irlanda;992;20232;24060;256000.00;1633095.00;0.00;169458516.95;0.00
Islas Baleares;345;2024;Europa;Francia;992;20232;24060;1027356.00;6053070.00;0.00;1210093106.55;1611568.38
Islas Baleares;345;2024;Europa;Bélgica;992;20232;24060;230716.00;1443506.00;0.00;350441971.23;697535.49
Islas Baleares;345;2024;Europa;Alemania;992;20232;24060;4705001.00;31037589.00;0.00;6098345019.78;28945327.84
La Rioja;0;2024;Europa;Reino Unido;128;3734;5152;10381.00;73004.00;0.00;5393373.77;0.00
La Rioja;0;2024;Europa;Portugal;128;3734;5152;7067.00;55432.00;0.00;2099067.18;1820744.02
La Rioja;0;2024;Europa;Países Bajos;128;3734;5152;21849.00;114948.00;0.00;5610101.67;0.00
La Rioja;0;2024;Europa;Italia;128;3734;5152;7565.00;50099.00;0.00;1217496.71;0.00
La Rioja;0;2024;Europa;Irlanda;128;3734;5152;3473.00;21984.00;0.00;6373160.93;4777245.22
La Rioja;0;2024;Europa;Francia;128;3734;5152;36644.00;242541.00;0.00;25395641.04;2869624.62
La Rioja;0;2024;Europa;Bélgica;128;3734;5152;6656.00;41713.00;0.00;116746.49;124323.61
La Rioja;0;2024;Europa;Alemania;128;3734;5152;17605.00;133320.00;0.00;7981507.33;0.00
Melilla;8;2024;Europa;Bélgica;38;600;502;5126.00;19984.00;0.00;1084850.24;0.00
Melilla;8;2024;Europa;Alemania;38;600;502;7044.00;38886.00;0.00;462438.42;0.00
País Vasco;66;2024;Europa;Suiza;960;24798;16582;66532.00;318280.00;0.00;16796419.94;7863858.54
País Vasco;66;2024;Europa;Reino Unido;960;24798;16582;148494.00;791263.00;0.00;123582064.87;5234888.79
País Vasco;66;2024;Europa;Portugal;960;24798;16582;207803.00;2219741.00;0.00;70864377.52;39182042.04
País Vasco;66;2024;Europa;Países Bajos;960;24798;16582;215101.00;1110463.00;0.00;147567170.37;7119853.75
País Vasco;66;2024;Europa;Italia;960;24798;16582;118205.00;727964.00;0.00;102271214.98;2129858.93
País Vasco;66;2024;Europa;Irlanda;960;24798;16582;64604.00;502050.00;0.00;60051863.73;7425186.79
País Vasco;66;2024;Europa;Francia;960;24798;16582;1066098.00;4711316.00;0.00;323424903.47;51054146.72
País Vasco;66;2024;Europa;Bélgica;960;24798;16582;119812.00;607210.00;0.00;70356465.50;1031006.11
País Vasco;66;2024;Europa;Alemania;960;24798;16582;357906.00;2200850.00;0.00;135973764.73;4000569.18
Principado de Asturias;208;2024;Europa;Suiza;430;14336;12430;14680.00;122618.00;0.00;9671225.33;76949.99
Principado de Asturias;208;2024;Europa;Reino Unido;430;14336;12430;47437.00;317605.00;0.00;45992578.88;5057409.47
Principado de Asturias;208;2024;Europa;Portugal;430;14336;12430;33739.00;198860.00;0.00;27269464.29;335063.42
Principado de Asturias;208;2024;Europa;Países Bajos;430;14336;12430;67322.00;451794.00;0.00;24882177.29;2753578.44
Principado de Asturias;208;2024;Europa;Italia;430;14336;12430;22033.00;178142.00;0.00;22150125.95;593529.00
Principado de Asturias;208;2024;Europa;Irlanda;430;14336;12430;7925.00;62298.00;0.00;9205240.52;0.00
Principado de Asturias;208;2024;Europa;Francia;430;14336;12430;95364.00;769469.00;0.00;46931236.43;1470556.03
Principado de Asturias;208;2024;Europa;Bélgica;430;14336;12430;22399.00;210439.00;0.00;28121430.55;3296556.26
Principado de Asturias;208;2024;Europa;Alemania;430;14336;12430;86638.00;589808.00;0.00;29244473.15;3690930.09
Región de Murcia;206;2024;Europa;Suiza;456;13904;15142;22799.00;183104.00;0.00;28849477.16;1715489.65
Región de Murcia;206;2024;Europa;Reino Unido;456;13904;15142;257934.00;2181201.00;0.00;458019498.95;3604824.77
Región de Murcia;206;2024;Europa;Portugal;456;13904;15142;28187.00;273745.00;0.00;9675120.58;0.00
Región de Murcia;206;2024;Europa;Países Bajos;456;13904;15142;115953.00;893162.00;0.00;83834881.14;7725418.44
Región de Murcia;206;2024;Europa;Italia;456;13904;15142;45960.00;342215.00;0.00;22191004.34;4108887.27
Región de Murcia;206;2024;Europa;Irlanda;456;13904;15142;44665.00;379888.00;0.00;80710127.65;140142.95
Región de Murcia;206;2024;Europa;Francia;456;13904;15142;171745.00;1463066.00;0.00;201690978.64;69821643.67
Región de Murcia;206;2024;Europa;Bélgica;456;13904;15142;67683.00;617315.00;0.00;176333110.47;10589172.56
Región de Murcia;206;2024;Europa;Alemania;456;13904;15142;111035.00;1163359.00;0.00;98595074.19;4411786.47
